-- MySQL dump 10.13  Distrib 5.5.40, for debian-linux-gnu (i686)
--
-- Host: localhost    Database: ukCities
-- ------------------------------------------------------
-- Server version	5.5.40-0ubuntu0.14.04.1

/*!40101 SET @OLD_CHARACTER_SET_CLIENT=@@CHARACTER_SET_CLIENT */;
/*!40101 SET @OLD_CHARACTER_SET_RESULTS=@@CHARACTER_SET_RESULTS */;
/*!40101 SET @OLD_COLLATION_CONNECTION=@@COLLATION_CONNECTION */;
/*!40101 SET NAMES utf8 */;
/*!40103 SET @OLD_TIME_ZONE=@@TIME_ZONE */;
/*!40103 SET TIME_ZONE='+00:00' */;
/*!40014 SET @OLD_UNIQUE_CHECKS=@@UNIQUE_CHECKS, UNIQUE_CHECKS=0 */;
/*!40014 SET @OLD_FOREIGN_KEY_CHECKS=@@FOREIGN_KEY_CHECKS, FOREIGN_KEY_CHECKS=0 */;
/*!40101 SET @OLD_SQL_MODE=@@SQL_MODE, SQL_MODE='NO_AUTO_VALUE_ON_ZERO' */;
/*!40111 SET @OLD_SQL_NOTES=@@SQL_NOTES, SQL_NOTES=0 */;

--
-- Table structure for table `Country`
--

DROP TABLE IF EXISTS `Country`;
/*!40101 SET @saved_cs_client     = @@character_set_client */;
/*!40101 SET character_set_client = utf8 */;
CREATE TABLE `Country` (
  `country` varchar(3) NOT NULL,
  `description` varchar(45) NOT NULL,
  PRIMARY KEY (`country`)
) ENGINE=InnoDB DEFAULT CHARSET=latin1;
/*!40101 SET character_set_client = @saved_cs_client */;

--
-- Dumping data for table `Country`
--

LOCK TABLES `Country` WRITE;
/*!40000 ALTER TABLE `Country` DISABLE KEYS */;
INSERT INTO `Country` VALUES ('ENG','England'),('GG','Guernsey'),('IM','Isle of Man'),('JE','Jersey'),('NIR','Northern Ireland'),('SCT','Scotland'),('WLS','Wales');
/*!40000 ALTER TABLE `Country` ENABLE KEYS */;
UNLOCK TABLES;

--
-- Table structure for table `Region`
--

DROP TABLE IF EXISTS `Region`;
/*!40101 SET @saved_cs_client     = @@character_set_client */;
/*!40101 SET character_set_client = utf8 */;
CREATE TABLE `Region` (
  `idRegion` int(11) NOT NULL AUTO_INCREMENT,
  `description` varchar(16) NOT NULL,
  `country` varchar(3) NOT NULL,
  PRIMARY KEY (`idRegion`),
  KEY `fk_Region_1_idx` (`country`),
  CONSTRAINT `fk_Region_1` FOREIGN KEY (`country`) REFERENCES `Country` (`country`) ON DELETE NO ACTION ON UPDATE NO ACTION
) ENGINE=InnoDB AUTO_INCREMENT=423 DEFAULT CHARSET=latin1;
/*!40101 SET character_set_client = @saved_cs_client */;

--
-- Dumping data for table `Region`
--

LOCK TABLES `Region` WRITE;
/*!40000 ALTER TABLE `Region` DISABLE KEYS */;
INSERT INTO `Region` VALUES (213,'Barnsley','ENG'),(214,'Bath and North E','ENG'),(215,'Bedford Borough','ENG'),(216,'Birmingham','ENG'),(217,'Blackburn with D','ENG'),(218,'Blackpool','ENG'),(219,'Bolton','ENG'),(220,'Bournemouth','ENG'),(221,'Bracknell Forest','ENG'),(222,'Bradford','ENG'),(223,'Brighton and Hov','ENG'),(224,'Buckingham','ENG'),(225,'Buckinghamshire','ENG'),(226,'Bury','ENG'),(227,'Calderdale','ENG'),(228,'Cambridgeshire','ENG'),(229,'Central Bedfords','ENG'),(230,'Cheshire East','ENG'),(231,'Cheshire West an','ENG'),(232,'City of Bristol','ENG'),(233,'City of Kingston','ENG'),(234,'City of London','ENG'),(235,'Cornwall','ENG'),(236,'County Durham','ENG'),(237,'County of Herefo','ENG'),(238,'Coventry','ENG'),(239,'Cumbria','ENG'),(240,'Darlington','ENG'),(241,'Derby','ENG'),(242,'Derbyshire','ENG'),(243,'Devon','ENG'),(244,'Doncaster','ENG'),(245,'Dorset','ENG'),(246,'Dudley','ENG'),(247,'East Riding of Y','ENG'),(248,'East Sussex','ENG'),(249,'Essex','ENG'),(250,'Flintshire','ENG'),(251,'Gateshead','ENG'),(252,'Gloucestershire','ENG'),(253,'Greater London','ENG'),(254,'Greater Manchest','ENG'),(255,'Halton','ENG'),(256,'Hampshire','ENG'),(257,'Hartlepool','ENG'),(258,'Hertford','ENG'),(259,'Hertfordshire','ENG'),(260,'Isle Of Wight','ENG'),(261,'Isles Of Scilly','ENG'),(262,'Kent','ENG'),(263,'Kirklees','ENG'),(264,'Knowsley','ENG'),(265,'Lancashire','ENG'),(266,'Leeds','ENG'),(267,'Leicester','ENG'),(268,'Leicestershire','ENG'),(269,'Lincolnshire','ENG'),(270,'Liverpool','ENG'),(271,'London','ENG'),(272,'Luton','ENG'),(273,'Medway','ENG'),(274,'Middlesbrough','ENG'),(275,'Milton Keynes','ENG'),(276,'Newcastle Upon T','ENG'),(277,'Norfolk','ENG'),(278,'North East Linco','ENG'),(279,'North Lincolnshi','ENG'),(280,'North Somerset','ENG'),(281,'North Tyneside','ENG'),(282,'North Yorkshire','ENG'),(283,'Northamptonshire','ENG'),(284,'Northumberland','ENG'),(285,'Nottingham','ENG'),(286,'Nottinghamshire','ENG'),(287,'Oldham','ENG'),(288,'Oxfordshire','ENG'),(289,'Peterborough','ENG'),(290,'Plymouth','ENG'),(291,'Poole','ENG'),(292,'Portsmouth','ENG'),(293,'Reading','ENG'),(294,'Redcar and Cleve','ENG'),(295,'Rochdale','ENG'),(296,'Rotherham','ENG'),(297,'Rutland','ENG'),(298,'Salford','ENG'),(299,'Sandwell','ENG'),(300,'Sefton','ENG'),(301,'Sheffield','ENG'),(302,'Shropshire','ENG'),(303,'Slough','ENG'),(304,'Solihull','ENG'),(305,'Somerset','ENG'),(306,'South Gloucester','ENG'),(307,'South Tyneside','ENG'),(308,'Southampton','ENG'),(309,'Southend-on-Sea','ENG'),(310,'St Helens','ENG'),(311,'Staffordshire','ENG'),(312,'Stockport','ENG'),(313,'Stockton-on-Tees','ENG'),(314,'Stoke-on-Trent','ENG'),(315,'Suffolk','ENG'),(316,'Sunderland','ENG'),(317,'Surrey','ENG'),(318,'Swindon','ENG'),(319,'Tameside','ENG'),(320,'Telford and Wrek','ENG'),(321,'Thurrock','ENG'),(322,'Torbay','ENG'),(323,'Trafford','ENG'),(324,'Wakefield','ENG'),(325,'Walsall','ENG'),(326,'Warrington','ENG'),(327,'Warwickshire','ENG'),(328,'West Berkshire','ENG'),(329,'West Sussex','ENG'),(330,'Wigan','ENG'),(331,'Wiltshire','ENG'),(332,'Windsor and Maid','ENG'),(333,'Wirral','ENG'),(334,'Wokingham','ENG'),(335,'Wolverhampton','ENG'),(336,'Worcester','ENG'),(337,'Worcestershire','ENG'),(338,'York','ENG'),(339,'Guernsey','GG'),(340,'IOM','IM'),(341,'Jersey','JE'),(342,'Antrim','NIR'),(343,'Ards','NIR'),(344,'Ballymena','NIR'),(345,'Ballymoney','NIR'),(346,'Banbridge','NIR'),(347,'Belfast','NIR'),(348,'Carrickfergus','NIR'),(349,'Castlereagh','NIR'),(350,'Coleraine','NIR'),(351,'Cookstown','NIR'),(352,'County Armagh','NIR'),(353,'County Fermanagh','NIR'),(354,'Craigavon','NIR'),(355,'Derry','NIR'),(356,'Down','NIR'),(357,'Dungannon','NIR'),(358,'Larne','NIR'),(359,'Limavady','NIR'),(360,'Lisburn','NIR'),(361,'Magherafelt','NIR'),(362,'Moyle','NIR'),(363,'Newry and Mourne','NIR'),(364,'Newtownabbey','NIR'),(365,'North Down','NIR'),(366,'Omagh','NIR'),(367,'Strabane','NIR'),(368,'Aberdeen City','SCT'),(369,'Aberdeenshire','SCT'),(370,'Angus','SCT'),(371,'Argyll and Bute','SCT'),(372,'City of Edinburg','SCT'),(373,'Clackmannanshire','SCT'),(374,'Dumfries and Gal','SCT'),(375,'Dundee City','SCT'),(376,'East Ayrshire','SCT'),(377,'East Dunbartonsh','SCT'),(378,'East Lothian','SCT'),(379,'East Renfrewshir','SCT'),(380,'Eilean Siar','SCT'),(381,'Falkirk','SCT'),(382,'Fife','SCT'),(383,'Glasgow City','SCT'),(384,'Highland','SCT'),(385,'Inverclyde','SCT'),(386,'Inverness-shire','SCT'),(387,'Midlothian','SCT'),(388,'Moray','SCT'),(389,'North Ayrshire','SCT'),(390,'North Lanarkshir','SCT'),(391,'Northumberland','SCT'),(392,'Orkney Islands','SCT'),(393,'Perth and Kinros','SCT'),(394,'Renfrewshire','SCT'),(395,'Shetland Islands','SCT'),(396,'South Ayrshire','SCT'),(397,'South Lanarkshir','SCT'),(398,'Stirling','SCT'),(399,'The Scottish Bor','SCT'),(400,'West Dunbartonsh','SCT'),(401,'West Lothian','SCT'),(402,'Blaenau Gwent','WLS'),(403,'Bridgend','WLS'),(404,'Caerphilly','WLS'),(405,'Cardiff','WLS'),(406,'Carmarthenshire','WLS'),(407,'Ceredigion','WLS'),(408,'Conwy','WLS'),(409,'Denbighshire','WLS'),(410,'Gwynedd','WLS'),(411,'Isle of Anglesey','WLS'),(412,'Merthyr Tydfil','WLS'),(413,'Monmouthshire','WLS'),(414,'Neath Port Talbo','WLS'),(415,'Newport','WLS'),(416,'Pembrokeshire','WLS'),(417,'Powys','WLS'),(418,'Rhondda Cynon Ta','WLS'),(419,'Swansea','WLS'),(420,'The Vale of Glam','WLS'),(421,'Torfaen','WLS'),(422,'Wrexham','WLS');
/*!40000 ALTER TABLE `Region` ENABLE KEYS */;
UNLOCK TABLES;

--
-- Table structure for table `Town`
--

DROP TABLE IF EXISTS `Town`;
/*!40101 SET @saved_cs_client     = @@character_set_client */;
/*!40101 SET character_set_client = utf8 */;
CREATE TABLE `Town` (
  `postcode` varchar(5) NOT NULL,
  `eastings` int(11) NOT NULL,
  `northings` int(11) NOT NULL,
  `latitude` decimal(12,5) NOT NULL,
  `longitude` decimal(12,5) NOT NULL,
  `town` varchar(255) DEFAULT NULL,
  `idRegion` int(11) DEFAULT NULL,
  PRIMARY KEY (`postcode`),
  KEY `fk_Town_1_idx` (`idRegion`),
  CONSTRAINT `fk_Town_1` FOREIGN KEY (`idRegion`) REFERENCES `Region` (`idRegion`) ON DELETE NO ACTION ON UPDATE NO ACTION
) ENGINE=InnoDB DEFAULT CHARSET=latin1;
/*!40101 SET character_set_client = @saved_cs_client */;

--
-- Dumping data for table `Town`
--

LOCK TABLES `Town` WRITE;
/*!40000 ALTER TABLE `Town` DISABLE KEYS */;
INSERT INTO `Town` VALUES ('AB10',392900,804900,57.13514,-2.11731,'Aberdeen',368),('AB11',394500,805300,57.13875,-2.09089,'Aberdeen',368),('AB12',393300,801100,57.10100,-2.11060,'Aberdeen',368),('AB13',385600,801900,57.10801,-2.23776,'Milltimber',368),('AB14',383600,801100,57.10076,-2.27073,'Peterculter',368),('AB15',390000,805300,57.13868,-2.16525,'Aberdeen',368),('AB16',390600,807800,57.16115,-2.15543,'Aberdeen',368),('AB21',387900,813200,57.20960,-2.20033,'Aberdeen Airport',368),('AB22',392800,810700,57.18724,-2.11913,'Bridge Of Don',368),('AB23',394700,813500,57.21242,-2.08776,'Aberdeen',368),('AB25',393200,806900,57.15311,-2.11241,'Aberdeen',368),('AB30',370900,772900,56.84678,-2.47712,'Laurencekirk',369),('AB31',368100,798300,57.07479,-2.52623,'Banchory',369),('AB32',380800,807200,57.15545,-2.31742,'Westhill',369),('AB33',355200,815100,57.22464,-2.74203,'Alford',369),('AB34',350800,800600,57.09393,-2.81204,'Aboyne',369),('AB35',330300,794700,57.03829,-3.14869,'Ballatar',369),('AB36',335600,812300,57.19715,-3.06589,'Strathdon',369),('AB37',318700,827500,57.33098,-3.35051,'Ballindalloch',388),('AB38',326500,844600,57.48589,-3.22610,'Aberlour',388),('AB39',386800,787400,56.97778,-2.21718,'Stonehaven',369),('AB41',393700,831700,57.37592,-2.10478,'Ellon',369),('AB42',406700,845600,57.50079,-1.88819,'Peterhead',369),('AB43',397400,863000,57.65714,-2.04358,'Fraserburgh',369),('AB44',370700,864400,57.66877,-2.49122,'Macduff',369),('AB45',366200,862500,57.65139,-2.56639,'Banff',369),('AB51',375600,822100,57.28907,-2.40485,'Inverurie',369),('AB52',363500,828300,57.34396,-2.60651,'Insch',369),('AB53',376400,848400,57.52537,-2.39410,'Turriff',369),('AB54',354200,840600,57.45361,-2.76333,'Huntly',369),('AB55',340700,848600,57.52390,-2.99024,'Moray',388),('AB56',344800,865300,57.67442,-2.92559,'Moray',388),('AL1',515800,206900,51.74836,-0.32237,'St Albans',259),('AL10',522200,208300,51.75958,-0.22920,'Hatfield',259),('AL2',515100,203800,51.72064,-0.33353,'St Albans',259),('AL3',512400,210100,51.77781,-0.37057,'Redbourn',259),('AL4',517700,209500,51.77133,-0.29398,'Sandridge',259),('AL5',513600,214400,51.81622,-0.35177,'Harpenden',259),('AL6',524200,216300,51.83104,-0.19737,'Welwyn',259),('AL7',525100,212500,51.79669,-0.18569,'Welwyn Garden City',259),('AL8',523500,213200,51.80334,-0.20863,'Welwyn Garden City',259),('AL9',524400,206700,51.74472,-0.19791,'Hatfield',259),('B1',406300,286800,52.47872,-1.90723,'Birmingham',216),('B10',410100,285800,52.46967,-1.85130,'Birmingham',216),('B11',409600,284100,52.45440,-1.85871,'Birmingham',216),('B12',408000,284700,52.45982,-1.88225,'Birmingham',216),('B13',408300,282100,52.43644,-1.87790,'Birmingham',216),('B14',407600,280000,52.41757,-1.88824,'Birmingham',216),('B15',405200,285400,52.46615,-1.92345,'Birmingham',216),('B16',404500,286500,52.47604,-1.93374,'Birmingham',216),('B17',402700,284800,52.46077,-1.96026,'Birmingham',216),('B18',405200,288200,52.49132,-1.92341,'Birmingham',216),('B19',406500,288800,52.49670,-1.90425,'Birmingham',216),('B2',407000,286800,52.47871,-1.89692,'Birmingham',216),('B20',405600,290700,52.51379,-1.91747,'Birmingham',216),('B21',404100,289900,52.50661,-1.93959,'Birmingham',216),('B23',409900,292300,52.52812,-1.85405,'Birmingham',216),('B24',411700,291300,52.51909,-1.82755,'Birmingham',216),('B25',412200,285300,52.46513,-1.82040,'Birmingham',216),('B26',414300,284800,52.46059,-1.78951,'Birmingham',216),('B27',412100,283000,52.44446,-1.82196,'Birmingham',216),('B28',410800,281000,52.42650,-1.84115,'Birmingham',216),('B29',403600,282200,52.43739,-1.94704,'Birmingham',216),('B3',406700,287000,52.48051,-1.90134,'Birmingham',216),('B30',404900,280500,52.42209,-1.92794,'Birmingham',216),('B31',401900,278900,52.40772,-1.97207,'Birmingham',216),('B32',400500,283400,52.44819,-1.99264,'Birmingham',216),('B33',414500,287000,52.48036,-1.78647,'Birmingham',216),('B34',414900,288700,52.49564,-1.78051,'Birmingham',216),('B35',414400,291300,52.51903,-1.78776,'Birmingham',216),('B36',415000,289600,52.50373,-1.77899,'Castle Bromwich',304),('B37',417600,286800,52.47847,-1.74083,'Chelmsley Wood',304),('B38',404500,278000,52.39962,-1.93385,'Tees Grove',216),('B4',407200,287200,52.48231,-1.89397,'Birmingham',216),('B40',418900,284600,52.45865,-1.72181,'Bickenhill',304),('B42',406000,292900,52.53357,-1.91154,'Birmingham',216),('B43',404800,294500,52.54797,-1.92921,'West Bromwich',299),('B44',407900,294200,52.54523,-1.88349,'Birmingham',216),('B45',399400,276700,52.38795,-2.00882,'Birmingham',216),('B46',420800,290100,52.50803,-1.69351,'Coleshill',327),('B47',408200,276600,52.38699,-1.87950,'Wythall',337),('B48',403500,273100,52.35557,-1.94860,'Alvechurch',337),('B49',409100,257700,52.21704,-1.86679,'Alcester',327),('B5',407100,285800,52.46972,-1.89547,'Birmingham',216),('B50',410000,252300,52.16847,-1.85377,'Bidford-on-Avon',327),('B6',407800,289600,52.50388,-1.88508,'Birmingham',216),('B60',396600,269800,52.32590,-2.04989,'Bromsgrove',337),('B61',395400,271900,52.34477,-2.06753,'Bromsgrove',337),('B62',397800,284300,52.45628,-2.03238,'Hurst Green',246),('B63',395500,283800,52.45177,-2.06622,'Hurst Green',246),('B64',395400,286100,52.47244,-2.06773,'West Bromwich',299),('B65',397100,287300,52.48325,-2.04271,'West Bromwich',299),('B66',402400,288400,52.49314,-1.96465,'West Bromwich',299),('B67',401600,287600,52.48595,-1.97644,'West Bromwich',299),('B68',400000,286800,52.47876,-2.00000,'West Bromwich',299),('B69',398100,289400,52.50213,-2.02799,'West Bromwich',299),('B7',408700,288400,52.49307,-1.87185,'Birmingham',216),('B70',399800,291400,52.52012,-2.00295,'West Bromwich',299),('B71',400700,293100,52.53540,-1.98968,'West Bromwich',299),('B72',412100,294900,52.55145,-1.82153,'Birmingham',216),('B73',410700,295000,52.55238,-1.84217,'Birmingham',216),('B74',409600,298400,52.58297,-1.85830,'Birmingham',216),('B75',413000,297900,52.57840,-1.80813,'Birmingham',216),('B76',414500,294200,52.54510,-1.78616,'Birmingham',216),('B77',422500,302400,52.61855,-1.66762,'Tamworth',311),('B78',422100,301000,52.60598,-1.67362,'Tamworth',311),('B79',421600,305900,52.65005,-1.68069,'Wigginton',311),('B8',410800,288100,52.49034,-1.84092,'Birmingham',216),('B80',407100,264300,52.27641,-1.89593,'Studley',327),('B9',410300,286700,52.47776,-1.84833,'Birmingham',216),('B90',412000,278100,52.40040,-1.82361,'Solihull',304),('B91',414800,279600,52.41382,-1.78238,'Solihull',304),('B92',415400,282100,52.43628,-1.77345,'Solihull',304),('B93',417500,275900,52.38048,-1.74288,'Dorridge',304),('B94',414200,272600,52.35090,-1.79150,'Tanworth-in-Arden',327),('B95',415000,265300,52.28524,-1.78008,'Henley-in-Arden',327),('B96',402700,261600,52.25217,-1.96044,'Redditch',337),('B97',403100,266800,52.29893,-1.95454,'Redditch',337),('B98',405900,267300,52.30340,-1.91346,'Redditch',337),('BA10',368800,135000,51.11291,-2.44576,'Bruton',305),('BA11',377300,148700,51.23652,-2.32519,'Frome',305),('BA12',386900,141400,51.17117,-2.18740,'Longbridge Deverill',331),('BA13',387500,151500,51.26201,-2.17917,'Westbury',331),('BA14',386000,157800,51.31863,-2.20092,'Trowbridge',331),('BA15',381600,161400,51.35088,-2.26425,'Bradford-on-Avon',331),('BA16',348000,136500,51.12489,-2.74313,'Street',305),('BA20',354900,115600,50.93753,-2.64193,'Yeovil',305),('BA21',355500,117100,50.95107,-2.63358,'Yeovil',305),('BA22',355300,119000,50.96814,-2.63666,'Mudford',305),('BA3',367000,153000,51.27468,-2.47313,'Kilmersdon',305),('BA4',362900,141500,51.17102,-2.53073,'Shepton Mallet',305),('BA5',354400,146200,51.21266,-2.65291,'St Cuthbert Out',305),('BA6',350700,138200,51.14042,-2.70478,'Glastonbury',305),('BA7',363700,132300,51.08833,-2.51835,'Castle Cary',305),('BA8',371200,122300,50.99883,-2.41046,'Templecombe',305),('BA9',371300,128800,51.05729,-2.40955,'Wincanton',305),('BB10',385600,433700,53.79919,-2.21865,'Burnley',265),('BB11',383400,431900,53.78294,-2.25196,'Burnley',265),('BB12',380900,434200,53.80353,-2.29005,'Ightenhill',265),('BB18',388800,446500,53.91433,-2.17053,'Salterforth',265),('BB4',380900,423100,53.70376,-2.28936,'Rawtenstall',265),('BB5',375500,428800,53.75477,-2.37162,'Accrington',265),('BB6',372600,433000,53.79238,-2.41598,'Accrington',265),('BB7',374600,442000,53.87338,-2.38636,'Clitheroe',265),('BB8',389300,440200,53.85771,-2.16270,'Newchurch',265),('BB9',385900,437900,53.83695,-2.21429,'Newchurch',265),('BD1',416300,433300,53.79554,-1.75252,'Queensbury',222),('BD10',418100,437300,53.83143,-1.72496,'Queensbury',222),('BD11',421400,428400,53.75131,-1.67543,'Dewsbury',263),('BD12',415800,427800,53.74611,-1.76039,'Queensbury',222),('BD13',409300,432200,53.78582,-1.85883,'Queensbury',222),('BD14',412100,431800,53.78217,-1.81635,'Queensbury',222),('BD15',410800,434800,53.80917,-1.83597,'Queensbury',222),('BD16',411000,439200,53.84871,-1.83278,'Bingley',222),('BD17',415300,439000,53.84681,-1.76742,'Queensbury',222),('BD18',414700,437300,53.83154,-1.77662,'Queensbury',222),('BD19',419000,425700,53.72713,-1.71200,'Dewsbury',263),('BD2',417500,435400,53.81438,-1.73418,'Queensbury',222),('BD20',403500,444500,53.89646,-1.94673,'Steeton',222),('BD21',406200,440900,53.86407,-1.90571,'Keighley',222),('BD22',403100,438800,53.84522,-1.95288,'Keighley',222),('BD23',396500,455200,53.99264,-2.05339,'Thorlby',282),('BD24',382100,464700,54.07773,-2.27361,'Langcliffe',282),('BD3',418000,433600,53.79818,-1.72669,'Queensbury',222),('BD4',418600,431100,53.77569,-1.71773,'Queensbury',222),('BD5',416000,431400,53.77847,-1.75717,'Queensbury',222),('BD6',414300,429800,53.76414,-1.78305,'Queensbury',222),('BD7',414400,431900,53.78301,-1.78143,'Queensbury',222),('BD8',414400,433900,53.80099,-1.78134,'Queensbury',222),('BD9',413900,435100,53.81179,-1.78888,'Queensbury',222),('BH1',409900,91700,50.72427,-1.85973,'Bournemouth',220),('BH10',407700,95500,50.75847,-1.89082,'Bournemouth',220),('BH11',405900,95800,50.76119,-1.91634,'Bournemouth',220),('BH12',405200,93100,50.73692,-1.92630,'Poole',291),('BH13',405800,90100,50.70993,-1.91785,'Poole',291),('BH14',404000,91400,50.72164,-1.94333,'Poole',291),('BH15',401100,91400,50.72165,-1.98442,'Poole',291),('BH16',396900,93200,50.73783,-2.04394,'Upton',245),('BH17',401800,94100,50.74593,-1.97449,'Poole',291),('BH18',400500,95500,50.75853,-1.99291,'Poole',291),('BH19',402200,79100,50.61102,-1.96890,'Swanage',245),('BH2',408400,91400,50.72159,-1.88099,'Bournemouth',220),('BH20',389700,87500,50.68648,-2.14582,'Wareham',245),('BH21',401900,101500,50.81248,-1.97303,'Colehill',245),('BH22',407900,100700,50.80524,-1.88787,'Ferndown',245),('BH23',417400,94100,50.74567,-1.75335,'Burton',245),('BH24',415100,105000,50.84377,-1.78551,'Ringwood',256),('BH25',424200,94800,50.75173,-1.65692,'New Milton',256),('BH3',408500,92900,50.73508,-1.87954,'Bournemouth',220),('BH31',409000,108500,50.87537,-1.87207,'Verwood',245),('BH4',407200,91300,50.72071,-1.89799,'Bournemouth',220),('BH5',411700,91800,50.72513,-1.83422,'Bournemouth',220),('BH6',413800,92000,50.72688,-1.80446,'Bournemouth',220),('BH7',411900,92900,50.73502,-1.83135,'Bournemouth',220),('BH8',410500,93500,50.74044,-1.85118,'Bournemouth',220),('BH9',409100,94500,50.74946,-1.87100,'Bournemouth',220),('BL0',379200,416600,53.64526,-2.31468,'Ramsbottom',226),('BL1',370600,410500,53.59002,-2.44421,'Bolton',219),('BL2',373900,410200,53.58749,-2.39432,'Bolton',219),('BL3',371400,407700,53.56489,-2.43186,'Bolton',219),('BL4',373500,405700,53.54702,-2.39999,'Bolton',219),('BL5',365900,406000,53.54928,-2.51473,'Westhoughton',219),('BL6',364300,410700,53.59142,-2.53941,'Horwich',219),('BL7',372100,414900,53.62965,-2.42194,'Bolton',219),('BL8',378400,412100,53.60478,-2.32647,'Bury',226),('BL9',381100,410600,53.59140,-2.28557,'Bury',226),('BN10',541100,101500,50.79530,0.00232,'Peacehaven',248),('BN11',514400,102800,50.81288,-0.37599,'Worthing',329),('BN12',511000,102800,50.81354,-0.42423,'Worthing',329),('BN13',512300,104700,50.83037,-0.40521,'Worthing',329),('BN14',514100,104900,50.83181,-0.37959,'Worthing',329),('BN15',518000,104800,50.83013,-0.32426,'Lancing',329),('BN16',506100,102800,50.81446,-0.49377,'Rustington',329),('BN17',503200,102700,50.81408,-0.53495,'Littlehampton',329),('BN18',500000,106500,50.84881,-0.57933,'Arundel',329),('BN20',559000,99700,50.77449,0.25536,'Eastbourne',248),('BN21',560500,99500,50.77228,0.27653,'Eastbourne',248),('BN22',561000,101300,50.78832,0.28440,'East Sussex',248),('BN23',563000,102400,50.79764,0.31325,'Eastbourne',248),('BN24',564200,104500,50.81618,0.33120,'Westham',248),('BN25',548700,99600,50.77633,0.10932,'Seaford',248),('BN26',556600,104800,50.82098,0.22352,'Long Man',248),('BN27',559300,110500,50.87146,0.26430,'Hailsham',248),('BN42',524500,105700,50.83686,-0.23169,'Shoreham-by-Sea',329),('BN43',522100,105500,50.83557,-0.26583,'Shoreham-by-Sea',329),('BN44',518000,111500,50.89036,-0.32210,'Steyning',329),('BN45',527700,111600,50.88920,-0.18421,'Newtimber',329),('BN5',521700,115600,50.92645,-0.26815,'Henfield',329),('BN6',529800,116100,50.92918,-0.15276,'Clayton',329),('BN7',540700,110600,50.87719,0.00014,'Lewes',248),('BN8',544200,114700,50.91318,0.05148,'Ringmer',248),('BN9',544500,101600,50.79536,0.05058,'Newhaven',248),('BR1',540600,170000,51.41107,0.02192,'Bromley',253),('BR2',540700,167500,51.38858,0.02237,'Bromley',253),('BR3',537000,169000,51.40297,-0.03020,'Bromley',253),('BR4',538700,166000,51.37559,-0.00695,'Bromley',253),('BR5',546400,167800,51.38983,0.10436,'Bromley',253),('BR6',545700,165100,51.36575,0.09320,'Bromley',253),('BR7',544100,170000,51.41019,0.07222,'Bromley',253),('BR8',551400,168800,51.39751,0.17660,'Swanley',262),('BS1',358800,172900,51.45309,-2.59300,'Bristol',232),('BS10',357700,178800,51.50606,-2.60954,'Bristol',232),('BS11',353200,177800,51.49672,-2.67425,'Bristol',232),('BS13',357500,168300,51.41163,-2.61116,'Bristol',232),('BS14',361000,168400,51.41278,-2.56084,'Bristol',232),('BS2',359700,173600,51.45945,-2.58013,'Bristol',232),('BS20',347800,175900,51.47916,-2.75176,'Portbury',280),('BS21',341000,171000,51.43443,-2.84886,'Clevedon',280),('BS22',335300,162800,51.36008,-2.92936,'Weston-Super-Mare',280),('BS23',332400,160900,51.34266,-2.97065,'Weston-Super-Mare',280),('BS24',335100,159200,51.32769,-2.93158,'Hutton',280),('BS25',342500,158300,51.32039,-2.82522,'Winscombe',280),('BS26',340400,153800,51.27971,-2.85461,'Weare',305),('BS27',346300,152800,51.27131,-2.76987,'Cheddar',305),('BS28',343200,147700,51.22515,-2.81349,'Wedmore',305),('BS29',338900,159500,51.33081,-2.87709,'Banwell',280),('BS3',358200,171200,51.43776,-2.60144,'Bristol',232),('BS4',361000,170800,51.43437,-2.56111,'Bristol',232),('BS41',354700,169500,51.42221,-2.65158,'Long Ashton',280),('BS48',348000,169900,51.42523,-2.74800,'Nailsea',280),('BS49',343100,164900,51.37980,-2.81767,'Yatton',280),('BS5',361800,173800,51.46140,-2.54992,'Bristol',232),('BS6',358400,174800,51.47015,-2.59898,'Bristol',232),('BS7',359700,176600,51.48643,-2.58047,'Bristol',232),('BS8',356900,173400,51.45745,-2.62041,'Bristol',232),('BS9',356600,176700,51.48710,-2.62513,'Bristol',232),('BS99',360200,173400,51.45769,-2.57291,'Bristol',232),('BT1',146300,529800,54.59941,-5.92838,'Belfast',347),('BT10',142500,525600,54.55983,-5.98338,'Belfast',347),('BT11',141700,527400,54.57556,-5.99730,'Belfast',347),('BT12',144500,529100,54.59223,-5.95557,'Belfast',347),('BT13',144400,530600,54.60563,-5.95842,'Belfast',347),('BT14',144300,532300,54.62082,-5.96144,'Belfast',347),('BT15',146300,532500,54.62362,-5.93071,'Belfast',347),('BT16',154700,528400,54.59100,-5.79746,'Dundonald',349),('BT17',140300,525100,54.55423,-6.01688,'Dunmurry',360),('BT18',153500,534100,54.64154,-5.82079,'Holywood',365),('BT19',163500,534700,54.65170,-5.66663,'Bangor',365),('BT2',146200,529100,54.59309,-5.92932,'Belfast',347),('BT20',163700,535400,54.65808,-5.66410,'Bangor',365),('BT21',171300,532800,54.63826,-5.54448,'Donaghadee',343),('BT22',172200,517700,54.50320,-5.51886,'Ards',343),('BT23',159900,525000,54.56301,-5.71437,'Ards',343),('BT24',148800,509300,54.41683,-5.87232,'Down',356),('BT25',133200,507800,54.39545,-6.11078,'Banbridge',346),('BT26',136800,513900,54.45201,-6.06088,'Lisburn',360),('BT27',139800,520200,54.51004,-6.02027,'Lisburn',360),('BT28',135500,521900,54.52305,-6.08804,'Lisburn',360),('BT29',129300,533100,54.62018,-6.19390,'Antrim',342),('BT3',148000,532000,54.61999,-5.90401,'Belfast',347),('BT30',159200,499500,54.33396,-5.70444,'Downpatrick',356),('BT31',141600,494200,54.27783,-5.96992,'Banbridge',346),('BT32',124100,501600,54.33502,-6.24483,'Banbridge',346),('BT33',146200,487600,54.22095,-5.89385,'Newcastle',356),('BT34',127100,481300,54.15466,-6.18034,'Newry and Mourne',363),('BT35',110000,483500,54.16501,-6.44355,'Newry and Mourne',363),('BT36',145100,538500,54.67682,-5.95448,'Newtownabbey',364),('BT37',148200,538300,54.67658,-5.90634,'Whiteabbey',364),('BT38',155500,543800,54.72950,-5.79799,'Carrickfergus',348),('BT39',141500,546300,54.74491,-6.01710,'Newtownabbey',364),('BT4',150300,529900,54.60230,-5.86668,'Belfast',347),('BT40',154700,556900,54.84659,-5.82146,'Larne',358),('BT41',125800,545900,54.73301,-6.25997,'Mill Town',342),('BT42',125200,559500,54.85458,-6.28215,'Ballymena',344),('BT43',126500,563400,54.89024,-6.26565,'Ballymena',344),('BT44',125900,572800,54.97416,-6.28394,'Ballymena',344),('BT45',101600,550500,54.76045,-6.63935,'Magherafelt',361),('BT46',100800,562300,54.86568,-6.66393,'Magherafelt',361),('BT47',66600,576800,54.97386,-7.21151,'Derry',355),('BT48',59500,581300,55.00933,-7.32731,'Londonderry',355),('BT49',83800,583800,55.04774,-6.95153,'Limavady',359),('BT5',150000,528400,54.58870,-5.87004,'Belfast',347),('BT51',101200,583700,55.05761,-6.68000,'Coleraine',350),('BT52',103500,592100,55.13423,-6.65285,'Coleraine',350),('BT53',114600,585900,55.08519,-6.47305,'Ballymoney',345),('BT54',129100,597800,55.19997,-6.25787,'Ballycastle',362),('BT55',100200,597400,55.17971,-6.71005,'Portstewart',350),('BT56',104200,599200,55.19824,-6.64932,'Portrush',350),('BT57',112600,599000,55.20140,-6.51755,'Bushmills',362),('BT6',148200,527500,54.57974,-5.89706,'Belfast',347),('BT60',97500,498500,54.29219,-6.64951,'County Armagh',352),('BT61',99800,506800,54.36790,-6.62264,'County Armagh',352),('BT62',110400,511100,54.41256,-6.46416,'Portadown',354),('BT63',115200,509800,54.40362,-6.38916,'Craigavon',354),('BT64',115300,514900,54.44938,-6.39252,'Craigavon',354),('BT65',117000,514300,54.44496,-6.36581,'Craigavon',354),('BT66',119200,515300,54.45514,-6.33292,'Lurgan',354),('BT67',123600,518600,54.48713,-6.26832,'Craigavon',354),('BT68',85200,507600,54.36626,-6.84743,'Dungannon',357),('BT69',79100,514500,54.42425,-6.94843,'Dungannon',357),('BT7',146500,527800,54.58158,-5.92356,'Belfast',347),('BT70',83800,524300,54.51495,-6.88672,'Dungannon',357),('BT71',95600,523300,54.51322,-6.70402,'Dungannon',357),('BT74',32000,509000,54.34320,-7.66425,'County Fermanagh',353),('BT75',54900,510800,54.37531,-7.31559,'Fivemiletown',357),('BT76',63300,515100,54.41941,-7.19167,'Dungannon',357),('BT77',68200,515600,54.42711,-7.11701,'Dungannon',357),('BT78',52800,532900,54.57165,-7.37371,'Omagh',366),('BT79',64400,537900,54.62422,-7.20073,'Omagh',366),('BT8',147500,523100,54.53994,-5.90409,'Carryduff',349),('BT80',93700,538100,54.64464,-6.74869,'Cookstown',351),('BT81',38400,547700,54.69395,-7.61369,'Strabane',367),('BT82',51500,561400,54.82576,-7.42777,'Strabane',367),('BT9',144800,526800,54.57176,-5.94894,'Belfast',347),('BT92',44100,494600,54.22294,-7.46184,'County Fermanagh',353),('BT93',22600,523400,54.46510,-7.82640,'County Fermanagh',353),('BT94',40300,512000,54.37595,-7.54078,'County Fermanagh',353),('CA1',341600,554900,54.88535,-2.91046,'Carlisle',239),('CA10',357400,524200,54.61104,-2.65966,'Cliburn',239),('CA11',349300,530200,54.66422,-2.78611,'Catterlen',239),('CA12',326800,523600,54.60214,-3.13326,'Keswick',239),('CA13',311900,530300,54.65997,-3.36589,'Cockermouth',239),('CA14',300800,527700,54.63454,-3.53704,'Workington',239),('CA15',304600,536200,54.71165,-3.48096,'Maryport',239),('CA16',368800,520000,54.57413,-2.48269,'Appleby-in-Westmorland',239),('CA17',377300,509300,54.47841,-2.35037,'Kirkby Stephen',239),('CA18',309700,496300,54.35408,-3.38958,'Muncaster',239),('CA19',310200,499900,54.38651,-3.38297,'Muncaster',239),('CA2',339100,554800,54.88415,-2.94940,'Carlisle',239),('CA20',305200,502600,54.40987,-3.46081,'Gosforth',239),('CA21',301800,506600,54.44516,-3.51451,'Beckermet',239),('CA22',300800,510500,54.48001,-3.53123,'Egremont',239),('CA23',303400,514300,54.51465,-3.49236,'Cleator Moor',239),('CA24',300200,514400,54.51493,-3.54181,'Egremont',239),('CA25',301800,515200,54.52243,-3.51737,'Cleator Moor',239),('CA26',304200,517600,54.54445,-3.48108,'Arlecdon',239),('CA27',296900,511800,54.49091,-3.59186,'St Bees',239),('CA28',298000,517600,54.54324,-3.57689,'Whitehaven',239),('CA3',339800,557400,54.90760,-2.93904,'Carlisle',239),('CA4',346500,550500,54.84636,-2.83326,'Wetheral',239),('CA5',334800,551600,54.85485,-3.01570,'Orton',239),('CA6',342900,567000,54.99423,-2.89260,'Kirklinton',239),('CA7',320500,546500,54.80696,-3.23702,'Waverton',239),('CA8',356100,560700,54.93895,-2.68531,'Brampton',239),('CA9',373100,545300,54.80176,-2.41850,'Alston',239),('CB1',549700,255400,52.17611,0.18955,'Fulbourn',228),('CB10',555400,239300,52.02989,0.26551,'Saffron Walden',249),('CB11',552000,235800,51.99938,0.21443,'Newport',249),('CB2',545900,253800,52.16276,0.13333,'Great Shelford',228),('CB21',557100,250712,52.13194,0.29553,'Balsham',228),('CB22',545719,249835,52.12718,0.12898,'Little Shelford',228),('CB23',535114,259140,52.21349,-0.02215,'Highfields',228),('CB24',538196,270565,52.31538,0.02762,'Over',228),('CB25',552595,264917,52.26083,0.23615,'Lode',228),('CB3',538300,259200,52.21324,0.02448,'Hardwick',228),('CB4',544400,262700,52.24312,0.11521,'Impington',228),('CB5',550900,262400,52.23868,0.21021,'Stow cum Quy',228),('CB6',551300,280800,52.40388,0.22434,'Downham',228),('CB7',558000,276800,52.36606,0.32087,'Soham',228),('CB8',565700,262000,52.23083,0.42659,'Woodditton',228),('CB9',567300,245500,52.08212,0.44187,'Haverhill',315),('CF10',318300,175700,51.47387,-3.17648,'Butetown',405),('CF11',317200,175600,51.47281,-3.19229,'Grangetown',405),('CF14',316600,180800,51.51947,-3.20216,'Rhiwbina',405),('CF15',311700,182500,51.53401,-3.27319,'Pentyrch',405),('CF23',320200,180300,51.51550,-3.15016,'Pentwyn',405),('CF24',319200,176900,51.48479,-3.16379,'Adamsdown',405),('CF3',322900,180700,51.51947,-3.11134,'Trowbridge',405),('CF31',290700,180100,51.50876,-3.57514,'Bridgend',403),('CF32',290300,185800,51.55992,-3.58268,'Garw Valley',403),('CF33',282700,182000,51.52424,-3.69101,'Cynffig',403),('CF34',285700,191500,51.61024,-3.65087,'Maesteg',403),('CF35',294700,181500,51.52211,-3.51793,'Pencoed',403),('CF36',282100,177600,51.48456,-3.69818,'Porthcawl',403),('CF46',310100,197100,51.66501,-3.30000,'Treharris',412),('CF47',305100,206800,51.75139,-3.37492,'Town',412),('CF48',305500,205600,51.74067,-3.36880,'Town',412),('CF5',313800,176700,51.48219,-3.24150,'Ely',405),('CF81',314100,200900,51.69980,-3.24311,'Bargoed',404),('CF82',314500,195500,51.65132,-3.23600,'Gelligaer',404),('CF83',315700,188200,51.58587,-3.21690,'Caerphilly',404),('CH4',337300,363900,53.16823,-2.93803,'Saltney',250),('CH41',331500,389100,53.39402,-3.03022,'Birkenhead',333),('CH42',332100,386900,53.37433,-3.02073,'Birkenhead',333),('CH43',329600,387900,53.38299,-3.05853,'Birkenhead',333),('CH44',331100,391500,53.41554,-3.03676,'Wallasey',333),('CH45',330200,392900,53.42801,-3.05061,'Wallasey',333),('CH46',326200,390200,53.40319,-3.11018,'Birkenhead',333),('CH47',322300,389500,53.39634,-3.16866,'Hoylake',333),('CH48',322200,386700,53.37116,-3.16947,'Hoylake',333),('CH49',326700,387700,53.38079,-3.10208,'Birkenhead',333),('CH5',330500,368000,53.20424,-3.04064,'Shotton',250),('CH6',323600,373200,53.25003,-3.14518,'Flint',250),('CH60',327100,381600,53.32602,-3.09466,'Heswall',333),('CH61',326700,384000,53.34754,-3.10122,'Heswall',333),('CH62',334700,382400,53.33421,-2.98072,'Birkenhead',333),('CH63',332700,383600,53.34474,-3.01101,'Birkenhead',333),('CH7',324300,364200,53.16924,-3.13256,'Mold',250),('CH8',317300,376800,53.28144,-3.24053,'Holywell',250),('CM0',596200,199800,51.66221,0.83719,'Southminster',249),('CM1',569600,208000,51.74454,0.45694,'Chelmsford',249),('CM11',569300,194500,51.62335,0.44605,'Essex',249),('CM12',567200,194900,51.62757,0.41593,'Billericay',249),('CM13',561900,193400,51.61564,0.33872,'Brentwood',249),('CM14',558700,193600,51.61835,0.29263,'Brentwood',249),('CM15',559500,196400,51.64328,0.30545,'Brentwood',249),('CM16',546600,202300,51.69981,0.12161,'Epping',249),('CM17',548000,210200,51.77043,0.14522,'Harlow',249),('CM18',545400,208500,51.75584,0.10685,'Harlow',249),('CM19',543200,208900,51.76000,0.07515,'Harlow',249),('CM2',571800,205500,51.72141,0.48754,'Great Baddow',249),('CM20',545200,210600,51.77476,0.10483,'Harlow',249),('CM21',548000,214800,51.81177,0.14718,'Sawbridgeworth',259),('CM22',553000,220500,51.86164,0.22218,'Great Hallingbury',249),('CM23',548700,221500,51.87178,0.16021,'Bishops Stortford',259),('CM24',551800,224600,51.89880,0.20657,'Stansted Mountfitchet',249),('CM3',578500,205500,51.71932,0.58445,'Danbury',249),('CM4',565400,200000,51.67392,0.39235,'Ingatestone',249),('CM5',555300,204900,51.72083,0.24857,'Ongar',249),('CM6',562900,222500,51.87680,0.36678,'Great Dunmow',249),('CM7',574600,225200,51.89752,0.53797,'Braintree',249),('CM8',581900,215200,51.80536,0.63870,'Witham',249),('CM9',586500,208200,51.74097,0.70159,'Heybridge',249),('CO1',600200,225200,51.88891,0.90960,'Colchester',249),('CO10',586700,243400,52.05706,0.72355,'Sudbury',315),('CO11',611600,231500,51.94126,1.07890,'Mistley',249),('CO12',623700,230900,51.93115,1.25427,'Harwich',249),('CO13',623100,220500,51.83802,1.23884,'Frinton and Walton',249),('CO14',625100,221900,51.84979,1.26873,'Frinton and Walton',249),('CO15',617600,215600,51.79620,1.15605,'Clacton-on-Sea',249),('CO16',615400,218200,51.82039,1.12580,'Little Clacton',249),('CO2',599300,223000,51.86947,0.89527,'Colchester',249),('CO3',597000,224600,51.88466,0.86281,'Colchester',249),('CO4',601100,227200,51.90654,0.92383,'Colchester',249),('CO5',594500,216700,51.81459,0.82209,'Layer Breton',249),('CO6',591800,228800,51.92419,0.78968,'Fordham',249),('CO7',606800,224900,51.88380,1.00520,'Elmstead',249),('CO8',590100,234200,51.97328,0.76797,'Bures Hamlet',249),('CO9',579300,233300,51.96878,0.61043,'Sible Hedingham',249),('CR0',534000,165500,51.37223,-0.07463,'Croydon',253),('CR2',533700,163000,51.34983,-0.07988,'Croydon',253),('CR3',533900,156000,51.28687,-0.07964,'Whyteleafe',317),('CR4',528100,168900,51.40415,-0.15813,'Merton',253),('CR5',529700,158700,51.31211,-0.13886,'Croydon',253),('CR6',535800,158400,51.30799,-0.05149,'Whyteleafe',317),('CR7',532000,168000,51.39517,-0.10242,'Croydon',253),('CR8',531600,161400,51.33594,-0.11061,'Croydon',253),('CT1',615300,157700,51.27719,1.08733,'Canterbury',262),('CT10',638800,168200,51.36208,1.43073,'Broadstairs',262),('CT11',637800,165200,51.33557,1.41438,'Margate',262),('CT12',634900,165800,51.34216,1.37322,'Manston',262),('CT13',632300,157300,51.26692,1.33042,'Sandwich',262),('CT14',636500,151800,51.21582,1.38689,'Dover',262),('CT15',629500,146500,51.17109,1.28343,'Whitfield',262),('CT16',631000,143100,51.13996,1.30267,'Dover',262),('CT17',630600,141800,51.12845,1.29613,'Dover',262),('CT18',620500,139800,51.11447,1.15078,'Hawkinge',262),('CT19',622000,136900,51.08785,1.17040,'Folkestone',262),('CT2',614900,159400,51.29261,1.08262,'Canterbury',262),('CT20',621700,135900,51.07899,1.16551,'Folkestone',262),('CT21',615600,134900,51.07233,1.07795,'Hythe',262),('CT3',624000,158100,51.27743,1.21213,'Wingham',262),('CT4',614200,151800,51.22462,1.06805,'Lower Hardres',262),('CT5',611400,166000,51.35318,1.03641,'Canterbury',262),('CT6',617900,167500,51.36420,1.13054,'Canterbury',262),('CT7',629700,168800,51.37122,1.30062,'Birchington',262),('CT8',632500,169900,51.37996,1.34150,'Margate',262),('CT9',635900,170400,51.38304,1.39060,'Margate',262),('CV1',433600,279200,52.40939,-1.50600,'Coventry',238),('CV10',433900,292100,52.52535,-1.50028,'Nuneaton',327),('CV11',437100,291400,52.51885,-1.45318,'Nuneaton',327),('CV12',435800,286400,52.47399,-1.47288,'Bedworth',327),('CV13',439700,301800,52.61217,-1.41362,'Market Bosworth',268),('CV2',436400,280700,52.42270,-1.46467,'Coventry',238),('CV21',449400,274700,52.36774,-1.27438,'Rugby',327),('CV22',448600,273300,52.35522,-1.28633,'Rugby',327),('CV23',447100,274000,52.36165,-1.30826,'Dunchurch',327),('CV3',435300,277400,52.39310,-1.48119,'Coventry',238),('CV31',432500,264600,52.27819,-1.52358,'Leamington Spa',327),('CV32',432000,266600,52.29620,-1.53072,'Leamington Spa',327),('CV33',435200,262300,52.25735,-1.48424,'Radford Semele',327),('CV34',428700,265100,52.28290,-1.57924,'Warwick',327),('CV35',427700,259100,52.22900,-1.59440,'Wasperton',327),('CV36',425700,241100,52.06726,-1.62504,'Shipston-on-Stour',327),('CV37',419600,254200,52.18530,-1.71328,'Stratford-Upon-Avon',327),('CV4',429600,277900,52.39794,-1.56492,'Coventry',238),('CV47',442000,259700,52.23349,-1.38494,'Ladbroke',327),('CV5',430600,279500,52.41227,-1.55008,'Coventry',238),('CV6',433500,281700,52.43188,-1.50722,'Coventry',238),('CV7',429700,283000,52.44378,-1.56300,'Hawkes End',238),('CV8',431100,272700,52.35110,-1.54336,'Kenilworth',327),('CV9',429900,298700,52.58493,-1.55864,'Atherstone',327),('CW1',370900,356300,53.10281,-2.43469,'Crewe',230),('CW10',370200,365900,53.18907,-2.44604,'Middlewich',230),('CW11',375600,360700,53.14260,-2.36482,'Sandbach',230),('CW12',385900,363100,53.16455,-2.21093,'Congleton',230),('CW2',370100,353900,53.08119,-2.44642,'Crewe',230),('CW3',372800,344800,52.99952,-2.40534,'Bridgemere',230),('CW4',376800,367800,53.20648,-2.34739,'Holmes Chapel',230),('CW5',365100,351800,53.06200,-2.52084,'Nantwich',230),('DA1',553500,174300,51.44637,0.20915,'Dartford',262),('DA10',560400,174300,51.44445,0.30837,'Swanscombe',262),('DA11',563600,173300,51.43455,0.35392,'Gravesend',262),('DA12',566000,172600,51.42757,0.38809,'Gravesend',262),('DA13',563900,167500,51.38235,0.35555,'Meopham Station',262),('DA14',546900,171700,51.42475,0.11316,'Bexley',253),('DA15',545900,173400,51.44029,0.09948,'Bexley',253),('DA16',546500,176100,51.46440,0.10923,'Bexley',253),('DA17',549200,178700,51.48706,0.14917,'Crayford',253),('DA18',548800,179200,51.49165,0.14363,'Crayford',253),('DA2',555300,172700,51.43150,0.23433,'Darenth',262),('DA3',560700,167600,51.38417,0.30965,'Hartley',262),('DA4',555300,168200,51.39106,0.23236,'Horton Kirby',262),('DA5',549200,173500,51.44033,0.14698,'Bexley',253),('DA6',548700,175100,51.45484,0.14046,'Bexley',253),('DA7',549100,176300,51.46552,0.14672,'Crayford',253),('DA8',551200,177500,51.47574,0.17745,'Crayford',253),('DA9',558400,174600,51.44771,0.27975,'Stone',262),('DD1',339800,730300,56.46110,-2.97702,'Dundee',375),('DD10',373900,761800,56.74724,-2.42680,'Aberdeenshire',369),('DD11',363300,742500,56.57312,-2.59738,'Kirkton',370),('DD2',336700,731300,56.46968,-3.02756,'Dundee',375),('DD3',339100,732700,56.48257,-2.98894,'Dundee',375),('DD4',342400,732600,56.48209,-2.93534,'Dundee',375),('DD5',346900,732100,56.47812,-2.86217,'Dundee',375),('DD6',342900,727600,56.43723,-2.92612,'Fife',382),('DD7',355800,734800,56.50330,-2.71814,'Carnoustie',370),('DD8',343500,752000,56.65650,-2.92171,'Angus',370),('DD9',359200,762000,56.74798,-2.66720,'Angus',370),('DE1',435300,336000,52.91994,-1.47492,'Derby',241),('DE11',430100,319700,52.77372,-1.55377,'Swadlincote',242),('DE12',430200,314300,52.72516,-1.55279,'Overseal',242),('DE13',421000,323400,52.80741,-1.68844,'Branston',311),('DE14',424300,323100,52.80457,-1.63950,'Burton upon Trent',311),('DE15',426400,322500,52.79908,-1.60840,'Burton upon Trent',311),('DE21',438200,337500,52.93322,-1.43161,'Derby',241),('DE22',433900,337500,52.93351,-1.49559,'Derby',241),('DE23',434000,333900,52.90114,-1.49448,'Derby',241),('DE24',436900,332700,52.89016,-1.45150,'Derby',241),('DE3',430900,334700,52.90852,-1.54049,'Derby',241),('DE4',429200,359000,53.12707,-1.56357,'Matlock Bath',242),('DE45',421600,368700,53.21464,-1.67650,'Bakewell',242),('DE5',440100,349900,53.04456,-1.40180,'Ripley',242),('DE55',442100,356200,53.10104,-1.37114,'Alfreton',242),('DE56',435300,347300,53.02152,-1.47369,'Belper',242),('DE6',419000,344100,52.99358,-1.71690,'Osmaston',242),('DE65',426300,330000,52.86651,-1.60927,'Hilton',242),('DE7',445600,341900,52.97220,-1.32089,'Ilkeston',242),('DE72',443100,333100,52.89330,-1.35929,'Draycott',242),('DE73',438000,327900,52.84694,-1.43571,'Swarkestone',242),('DE74',445200,327600,52.84368,-1.32884,'Lockington',268),('DE75',443400,346400,53.01284,-1.35305,'Heanor',242),('DH1',427900,543000,54.78103,-1.56616,'Durham',236),('DH2',425900,551700,54.85933,-1.59648,'Chester-le-Street',236),('DH3',427800,553100,54.87181,-1.56675,'North Lodge',236),('DH4',432700,551200,54.85444,-1.49060,'Houghton-le-Spring',316),('DH5',435100,547800,54.82372,-1.45363,'Hetton',316),('DH6',434500,539900,54.75276,-1.46391,'Shadforth',236),('DH7',421600,543900,54.78943,-1.66406,'Esh',236),('DH8',410000,551200,54.85541,-1.84422,'Burnhope',236),('DH9',418800,552600,54.86773,-1.70704,'Stanley',236),('DL1',430000,515100,54.53016,-1.53637,'Darlington',240),('DL10',420100,502100,54.41381,-1.69025,'Skeeby',282),('DL11',408100,504800,54.43841,-1.87510,'Marske',282),('DL12',401000,519700,54.57239,-1.98453,'Cotherstone',236),('DL13',403000,535700,54.71619,-1.95343,'Stanhope',236),('DL14',420000,528600,54.65199,-1.68999,'Lcp Stanhope and Wolsingham Parishes And',236),('DL15',417500,535000,54.70960,-1.72836,'Lcp Stanhope and Wolsingham Parishes And',236),('DL16',425500,533800,54.69848,-1.60429,'Spennymoor',236),('DL17',429600,531900,54.68118,-1.54086,'Ferryhill',236),('DL2',425800,514900,54.52860,-1.60130,'Halnaby Ave',240),('DL3',427800,515300,54.53209,-1.57035,'Darlington',240),('DL4',423000,526200,54.63029,-1.64368,'Shildon',236),('DL5',427400,524800,54.61749,-1.57565,'Great Aycliffe',236),('DL6',439700,497400,54.37042,-1.38885,'Winton',282),('DL7',433500,493700,54.33761,-1.48471,'Yafforth',282),('DL8',414000,488600,54.29267,-1.78489,'Spennithorne',282),('DL9',418900,497800,54.37521,-1.70902,'Colburn',282),('DN1',457700,403200,53.52205,-1.12960,'Doncaster',244),('DN10',470200,392800,53.42705,-0.94339,'Everton',286),('DN11',460900,395400,53.45158,-1.08284,'Tickhill',244),('DN12',451700,398800,53.48313,-1.22082,'Conisbrough',244),('DN2',459500,404400,53.53264,-1.10222,'Doncaster',244),('DN21',486300,392200,53.41927,-0.70129,'Corringham',269),('DN22',471500,381300,53.32352,-0.92643,'Clumber and Hardwick',286),('DN3',462400,405900,53.54578,-1.05817,'Edenthorpe',244),('DN36',530200,403400,53.51089,-0.03636,'Tetney',269),('DN38',506500,408400,53.56115,-0.39192,'Bigby',269),('DN4',458300,401400,53.50581,-1.12088,'Doncaster',244),('DN5',454900,404900,53.53763,-1.17153,'Brodsworth',244),('DN6',454500,411400,53.59610,-1.17643,'Owston',244),('DN7',465200,409900,53.58139,-1.01508,'Hatfield',244),('DN8',469100,413600,53.61415,-0.95535,'Thorne',244),('DT1',368900,90300,50.71093,-2.44052,'Dorchester',245),('DT10',376600,115400,50.93702,-2.33306,'Sturminster Newton',245),('DT11',387300,106900,50.86091,-2.18047,'Bryanston',245),('DT2',368000,94600,50.74955,-2.45365,'Charminster',245),('DT3',367000,82500,50.64067,-2.46674,'Weymouth',245),('DT4',367200,79000,50.60921,-2.46360,'Weymouth',245),('DT5',368800,72100,50.54724,-2.44041,'Portland',245),('DT6',345300,93600,50.73886,-2.77528,'Allington',245),('DT7',333200,92600,50.72860,-2.94657,'Lyme Regis',245),('DT8',346600,102200,50.81632,-2.75810,'Beaminster',245),('DT9',363800,115900,50.94086,-2.51529,'Castleton',245),('DY1',393500,291000,52.51648,-2.09580,'Dudley',246),('DY10',384700,276500,52.38594,-2.22483,'Kidderminster',337),('DY11',382300,276400,52.38496,-2.26009,'Kidderminster',337),('DY12',377600,276500,52.38569,-2.32916,'Upper Arley',337),('DY13',380900,271000,52.33637,-2.28035,'Stourport-on-Severn',337),('DY14',368500,275900,52.37985,-2.46282,'Cleobury Mortimer',302),('DY2',394500,288800,52.49671,-2.08102,'Dudley',246),('DY3',391300,292500,52.52994,-2.12826,'Dudley',246),('DY4',396400,292800,52.53269,-2.05308,'West Bromwich',299),('DY5',391700,287000,52.48049,-2.12223,'Dudley',246),('DY6',388900,289000,52.49842,-2.16353,'Dudley',246),('DY7',384800,285400,52.46596,-2.22376,'Kinver',311),('DY8',389500,284700,52.45978,-2.15455,'Dudley',246),('DY9',391700,282000,52.43554,-2.12210,'Dudley',246),('E1',534700,181700,51.51766,-0.05841,'Poplar',253),('E10',537800,187400,51.56814,-0.01153,'Walthamstow',253),('E11',539600,187400,51.56769,0.01443,'Walthamstow',253),('E12',542400,185500,51.54992,0.05404,'Stratford',253),('E13',540600,182900,51.52700,0.02705,'East Ham',253),('E14',537500,180500,51.50620,-0.01855,'Poplar',253),('E15',538900,184200,51.53911,0.00307,'Stratford',253),('E16',540600,181100,51.51083,0.02633,'East Ham',253),('E17',537300,189400,51.58623,-0.01796,'Walthamstow',253),('E18',540400,190100,51.59176,0.02705,'Ilford',253),('E1W',534800,180600,51.50775,-0.05739,'Poplar',253),('E2',534500,183000,51.52939,-0.06080,'Poplar',253),('E3',537000,182900,51.52789,-0.02482,'Poplar',253),('E4',538200,193400,51.62196,-0.00339,'Walthamstow',253),('E5',535000,186300,51.55893,-0.05233,'Hackney',253),('E6',542600,182800,51.52560,0.05583,'East Ham',253),('E7',540600,185100,51.54678,0.02793,'Stratford',253),('E8',534300,184400,51.54202,-0.06315,'Hackney',253),('E9',535700,184500,51.54258,-0.04293,'Hackney',253),('EC1',531700,182200,51.52286,-0.10144,'Islington',253),('EC1A',531600,181900,51.52019,-0.10300,'Islington',253),('EC1M',531700,182000,51.52106,-0.10152,'Islington',253),('EC1N',531300,181900,51.52026,-0.10732,'Camden Town',253),('EC1R',531300,182400,51.52475,-0.10713,'Islington',253),('EC1V',532000,182500,51.52549,-0.09701,'Islington',253),('EC1Y',532300,182200,51.52272,-0.09280,'Islington',253),('EC2',532600,181900,51.51995,-0.08859,'Islington',253),('EC2A',532800,182200,51.52260,-0.08560,'Islington',253),('EC2M',532800,181700,51.51811,-0.08578,'City of London',234),('EC2N',532800,181500,51.51631,-0.08586,'City of London',234),('EC2R',532400,181500,51.51640,-0.09162,'City of London',234),('EC2V',532300,181400,51.51553,-0.09310,'City of London',234),('EC2Y',532100,181900,51.52007,-0.09579,'City of London',234),('EC3',533000,181200,51.51357,-0.08309,'City of London',234),('EC3A',533100,181400,51.51534,-0.08158,'City of London',234),('EC3M',533000,181100,51.51267,-0.08313,'City of London',234),('EC3N',533300,181100,51.51260,-0.07881,'City of London',234),('EC3P',531700,181900,51.52016,-0.10156,'Islington',253),('EC3R',532900,181000,51.51179,-0.08461,'City of London',234),('EC3V',532800,181200,51.51361,-0.08597,'City of London',234),('EC4',531800,181300,51.51475,-0.10034,'City of London',234),('EC4A',531300,181400,51.51576,-0.10751,'City of London',234),('EC4M',531800,181300,51.51475,-0.10034,'City of London',234),('EC4N',532300,181300,51.51463,-0.09314,'City of London',234),('EC4R',532400,181000,51.51191,-0.09181,'City of London',234),('EC4V',531900,181100,51.51293,-0.09897,'City of London',234),('EC4Y',531300,181200,51.51397,-0.10758,'City of London',234),('EH18',329800,665400,55.87667,-3.12215,'Bonnyrigg and Lasswade',387),('EH19',330900,665000,55.87324,-3.10446,'Bonnyrigg and Lasswade',387),('EH20',327700,665700,55.87905,-3.15579,'Loanhead',387),('EH21',334700,672200,55.93845,-3.04548,'Musselburgh',378),('EH22',333700,666200,55.88441,-3.06001,'Dalkeith',387),('EH23',334200,661200,55.83956,-3.05081,'Arniston',387),('EH24',329100,662500,55.85051,-3.13257,'Midlothian',387),('EH25',326500,663400,55.85821,-3.17434,'Roslin',387),('EH26',323400,660600,55.83257,-3.22307,'Penicuik',387),('EH27',311000,667300,55.89063,-3.42319,'Kirknewton',401),('EH31',348500,682900,56.03627,-2.82661,'Gullane',378),('EH32',340800,675400,55.96799,-2.94853,'Cockenzie and Port Seton',378),('EH33',341000,672500,55.94196,-2.94469,'Tranent',378),('EH34',345000,668800,55.90919,-2.87990,'Pencaitland',378),('EH35',341100,669000,55.91053,-2.94233,'Ormiston',378),('EH36',346700,662900,55.85637,-2.85155,'East Lothian',378),('EH37',340000,663600,55.86188,-2.95873,'Midlothian',387),('EH39',354500,684100,56.04766,-2.73052,'North Berwick',378),('EH40',359100,677700,55.99057,-2.65570,'East Lothian',378),('EH41',351600,673100,55.94854,-2.77510,'East Lothian',378),('EH42',367300,678000,55.99389,-2.52428,'East Lothian',378),('EH47',295900,664200,55.85976,-3.66336,'West Lothian',401),('EH48',296000,668800,55.90110,-3.66353,'Bathgate',401),('EH49',300300,677100,55.97656,-3.59785,'Linlithgow',401),('EH51',300000,681000,56.01153,-3.60410,'Grangepans',381),('EH52',307400,672600,55.93756,-3.48256,'Broxburn',401),('EH53',307700,667700,55.89360,-3.47608,'Livingston',401),('EH54',304700,667600,55.89212,-3.52400,'Livingston',401),('EH55',301600,662700,55.84748,-3.57178,'West Calder',401),('EN1',533700,196800,51.65360,-0.06707,'Enfield',253),('EN10',536700,206500,51.74005,-0.01992,'Broxbourne',259),('EN11',537500,209300,51.76502,-0.00723,'Hoddesdon',259),('EN2',532000,197300,51.65850,-0.09144,'Enfield',253),('EN3',535700,197400,51.65852,-0.03794,'Enfield',253),('EN4',527300,196000,51.64790,-0.15983,'Barnet',253),('EN5',524900,196100,51.64934,-0.19447,'Barnet',253),('EN6',526000,201700,51.69942,-0.17656,'Potters Bar',259),('EN7',533600,203100,51.71025,-0.06610,'Broxbourne',259),('EN8',536000,201800,51.69799,-0.03189,'Broxbourne',259),('EN9',539200,201500,51.69451,0.01427,'Waltham Abbey',249),('EX1',293800,92900,50.72543,-3.50479,'Exeter',243),('EX10',312100,88900,50.69252,-3.24461,'Sidmouth',243),('EX11',309200,94900,50.74603,-3.28714,'Ottery St Mary',243),('EX12',323700,90200,50.70585,-3.08066,'Seaton',243),('EX13',329000,99100,50.78655,-3.00733,'Axminster',243),('EX14',316200,102200,50.81272,-3.18960,'Honiton',243),('EX15',305800,109500,50.87675,-3.33907,'Kentisbeare',243),('EX16',295200,114800,50.92258,-3.49122,'Tiverton',243),('EX17',280100,102800,50.81176,-3.70205,'Sandford',243),('EX18',267300,113100,50.90155,-3.88739,'Chawleigh',243),('EX19',259000,110600,50.87712,-4.00440,'Dowland',243),('EX2',292900,91200,50.70998,-3.51705,'Exeter',243),('EX20',257600,96500,50.75004,-4.01882,'Okehampton Hamlets',243),('EX21',244400,103000,50.80507,-4.20857,'Black Torrington',243),('EX22',233300,105900,50.82804,-4.36730,'Holsworthy Hamlets',243),('EX23',221600,105800,50.82366,-4.53323,'Bude',235),('EX24',323200,93800,50.73816,-3.08849,'Colyton',243),('EX3',297000,88500,50.68645,-3.45824,'Exeter',243),('EX31',255500,133900,51.08566,-4.06339,'Barnstaple',243),('EX32',258600,132200,51.07115,-4.01849,'Barnstaple',243),('EX33',248200,137200,51.11343,-4.16894,'Braunton',243),('EX34',253100,146500,51.19829,-4.10278,'Ilfracombe',243),('EX35',272400,148800,51.22360,-3.82749,'Lynton',243),('EX36',274300,125700,51.01638,-3.79224,'Bishops Nympton',243),('EX37',263000,121800,50.97875,-3.95179,'High Bickington',243),('EX38',248900,118300,50.94376,-4.15107,'Little Torrington',243),('EX39',242500,126300,51.01394,-4.24557,'Abbotsham',243),('EX4',292300,93500,50.73055,-3.52621,'Exeter',243),('EX5',298500,96300,50.75684,-3.43916,'Broad Clyst',243),('EX6',287200,87700,50.67744,-3.59668,'Doddiscombsleigh',243),('EX7',295800,78000,50.59183,-3.47227,'Dawlish',243),('EX8',300900,82100,50.62958,-3.40133,'Exmouth',243),('EX9',306500,83000,50.63860,-3.32239,'Budleigh Salterton',243),('FK1',288100,678400,55.98555,-3.79381,'Falkirk',381),('FK10',289300,692800,56.11516,-3.78053,'Alloa',373),('FK11',285100,696800,56.15009,-3.84977,'Menstrie',373),('FK12',288200,697000,56.15263,-3.79998,'Alva',373),('FK13',291900,696700,56.15078,-3.74032,'Tillicoultry',373),('FK14',296900,698200,56.16536,-3.66044,'Clackmannanshire',373),('FK15',279100,702800,56.20249,-3.94903,'Stirling',398),('FK16',272200,701700,56.19081,-4.05966,'Doune',398),('FK17',262500,707500,56.24019,-4.21887,'Callander',398),('FK18',256100,717100,56.32448,-4.32728,'Strathyre',398),('FK19',257100,722200,56.37057,-4.31390,'Stirling',398),('FK2',290600,680500,56.00499,-3.75461,'Hope St',381),('FK20',237700,726900,56.40650,-4.63059,'Stirling',398),('FK21',257100,732800,56.46574,-4.31969,'Killin',398),('FK3',292800,681100,56.01087,-3.71958,'Grangemouth',381),('FK4',281100,679900,55.99734,-3.90662,'Dennyloanhead',381),('FK5',286700,682900,56.02564,-3.81814,'Falkirk',381),('FK6',280700,682600,56.02149,-3.91423,'Stoneywood',381),('FK7',280800,691000,56.09695,-3.91636,'Stirling',398),('FK8',272600,695000,56.13075,-4.05001,'Stirling',398),('FK9',279500,696100,56.14242,-3.93955,'Bridge Of Allan',398),('FY1',331200,436000,53.81551,-3.04509,'Blackpool',218),('FY2',331700,439300,53.84524,-3.03823,'Blackpool',218),('FY3',332800,436600,53.82111,-3.02092,'Blackpool',218),('FY4',332300,433300,53.79139,-3.02779,'Blackpool',218),('FY5',332900,442500,53.87415,-3.02069,'Hardhorn and Thornton',265),('FY6',335500,441800,53.86819,-2.98100,'Hardhorn and Thornton',265),('FY7',332600,447200,53.91635,-3.02629,'Hardhorn and Thornton',265),('FY8',334000,428700,53.75026,-3.00100,'Lytham Saint Annes',265),('G1',259400,665300,55.86038,-4.24671,'Glasgow',383),('G11',255400,666900,55.87356,-4.31142,'Glasgow',383),('G12',256100,667600,55.88006,-4.30061,'Glasgow',383),('G13',253300,669200,55.89358,-4.34620,'Glasgow',383),('G14',253100,667800,55.88095,-4.34864,'Glasgow',383),('G15',252200,671000,55.90940,-4.36476,'Glasgow',383),('G2',258900,665700,55.86382,-4.25490,'Glasgow',383),('G20',257300,668200,55.88580,-4.28176,'Glasgow',383),('G21',261100,667500,55.88063,-4.22069,'Glasgow',383),('G22',259300,668600,55.88998,-4.25002,'Glasgow',383),('G23',257200,670000,55.90193,-4.28431,'Glasgow',383),('G3',257800,666000,55.86619,-4.27262,'Glasgow',383),('G31',261800,664900,55.85748,-4.20819,'Glasgow',383),('G32',264600,663800,55.84840,-4.16293,'Glasgow',383),('G33',264500,666600,55.87351,-4.16593,'Glasgow',383),('G34',267900,665900,55.86817,-4.11128,'Glasgow',383),('G4',259100,666200,55.86837,-4.25196,'Glasgow',383),('G40',260900,663900,55.84824,-4.22204,'Glasgow',383),('G41',257100,662900,55.83815,-4.28216,'Glasgow',383),('G42',258700,662200,55.83234,-4.25627,'Glasgow',383),('G43',256600,660700,55.81825,-4.28898,'Glasgow',383),('G44',258700,660200,55.81438,-4.25523,'Glasgow',383),('G45',260200,659100,55.80494,-4.23074,'Glasgow',383),('G5',259000,663900,55.84769,-4.25237,'Glasgow',383),('G51',255200,665100,55.85734,-4.31365,'Glasgow',383),('G52',253000,664100,55.84770,-4.34823,'Glasgow',383),('G53',252700,661200,55.82157,-4.35145,'Glasgow',383),('G63',252700,685800,56.04243,-4.36487,'Killearn',398),('G69',268500,666500,55.87372,-4.10199,'Glasgow',383),('G84',228400,683500,56.01370,-4.75306,'Helensburgh',371),('GL1',383500,218000,51.85990,-2.23962,'Gloucester',252),('GL10',380400,205000,51.74290,-2.28391,'Stonehouse',252),('GL11',375400,199000,51.68875,-2.35591,'Dursley',252),('GL12',373400,191900,51.62482,-2.38430,'Kingswood',252),('GL13',368300,199500,51.69289,-2.45867,'Berkeley',252),('GL14',367000,213300,51.81691,-2.47879,'Littledean',252),('GL15',362000,204400,51.73656,-2.55036,'Lydney',252),('GL16',357900,211000,51.79561,-2.61054,'Coleford',252),('GL17',364600,217600,51.85542,-2.51405,'Drybrook',252),('GL18',371500,227100,51.94124,-2.41464,'Oxenhall',252),('GL19',380300,227200,51.94252,-2.28662,'Ashleworth',252),('GL2',381600,216500,51.84635,-2.26714,'Gloucester',252),('GL20',391100,233900,52.00304,-2.12966,'Ashchurch',252),('GL3',387800,218500,51.86451,-2.17719,'Hucclecote',252),('GL4',385100,216000,51.84196,-2.21630,'Gloucester',252),('GL5',384900,204500,51.73855,-2.21870,'Rodborough',252),('GL50',394500,222400,51.89968,-2.07995,'Cheltenham',252),('GL51',392600,222300,51.89876,-2.10756,'Cheltenham',252),('GL52',396000,224200,51.91588,-2.05816,'Prestbury',252),('GL53',395400,220300,51.88081,-2.06684,'Cheltenham',252),('GL54',409400,222100,51.89693,-1.86338,'Naunton',252),('GL55',415900,240300,52.06043,-1.76806,'Chipping Campden',252),('GL56',420300,232300,51.98836,-1.70435,'Moreton-in-Marsh',252),('GL6',386800,204100,51.73500,-2.19117,'Thrupp',252),('GL7',407100,201600,51.71263,-1.89723,'Ampney St Mary',252),('GL8',388200,193700,51.64151,-2.17054,'Tetbury',252),('GU1',500200,150300,51.24255,-0.56436,'Guildford',317),('GU10',484100,145000,51.19750,-0.79622,'Farnham',317),('GU11',486400,150700,51.24841,-0.76194,'Aldershot',256),('GU12',488600,151100,51.25167,-0.73032,'Ash',317),('GU13',481100,153500,51.27436,-0.83723,'Fleet',256),('GU14',486400,155600,51.29246,-0.76075,'Farnborough',256),('GU15',487800,160300,51.33450,-0.73952,'Camberley',317),('GU16',488600,157700,51.31100,-0.72868,'Camberley',317),('GU17',484600,159700,51.32959,-0.78559,'Blackwater and Hawley',256),('GU18',492600,161900,51.34813,-0.67021,'Windlesham',317),('GU19',491200,163100,51.35914,-0.69000,'Windlesham',317),('GU2',498300,150500,51.24468,-0.59152,'Guildford',317),('GU20',493500,164100,51.36776,-0.65671,'Windlesham',317),('GU21',499100,158900,51.32006,-0.57773,'Woking',317),('GU22',501100,158000,51.31162,-0.54929,'Woking',317),('GU23',504000,156400,51.29671,-0.50816,'Ripley',317),('GU24',495700,159900,51.32963,-0.62625,'Bisley',317),('GU25',499500,167900,51.40090,-0.56948,'Virginia Water',317),('GU26',487800,135600,51.11243,-0.74557,'Haslemere',317),('GU27',489800,132200,51.08155,-0.71785,'Haslemere',317),('GU28',496200,122200,50.99061,-0.62915,'Tillington',329),('GU29',488000,121300,50.98383,-0.74619,'Midhurst',329),('GU3',496100,150600,51.24596,-0.62301,'Worplesdon',317),('GU30',483900,131300,51.07435,-0.80228,'Liphook',256),('GU31',477000,122500,50.99620,-0.90263,'Petersfield',256),('GU32',472300,123800,51.00849,-0.96934,'Stroud',256),('GU33',477700,128400,51.04915,-0.89139,'Liss',256),('GU34',471100,138300,51.13902,-0.98359,'Alton',256),('GU35',480700,135900,51.11617,-0.84692,'Lindford',256),('GU4',501900,150400,51.24315,-0.53999,'Guildford',317),('GU46',481800,160500,51.33720,-0.82559,'Yateley',256),('GU47',484400,161700,51.34761,-0.78799,'Sandhurst',221),('GU5',503700,145900,51.20237,-0.51551,'Wonersh',317),('GU51',480900,154500,51.28338,-0.83987,'Fleet',256),('GU52',481100,152400,51.26447,-0.83748,'Fleet',256),('GU6',506200,139100,51.14078,-0.48174,'Cranleigh',317),('GU7',497100,144300,51.18915,-0.61039,'Godalming',317),('GU8',495100,140000,51.15082,-0.64014,'Witley',317),('GU9',484300,147300,51.21815,-0.79282,'Farnham',317),('GY1',361100,-48888,49.45856,-2.53684,'St Peter Port',339),('GY2',364319,-35553,49.57871,-2.49362,'St Sampson',339),('GY3',366845,-41123,49.52875,-2.45821,'St Sampson',339),('GY4',366845,-41123,49.52875,-2.45821,'Carmel',339),('GY5',357920,-46192,49.48260,-2.58101,'ALBecq',339),('GY6',366845,-41123,49.52875,-2.45821,'L\'Islet',339),('GY7',366845,-41123,49.52875,-2.45821,'Richmond',339),('GY8',366845,-41123,49.52875,-2.45821,'Mouilpied',339),('GY9',379581,-36396,49.57183,-2.28244,'nr Mouilpied',339),('HA0',517600,184900,51.55024,-0.30370,'Brent',253),('HA1',515300,188100,51.57948,-0.33581,'Harrow',253),('HA2',513800,187400,51.57349,-0.35768,'Harrow',253),('HA3',516400,189600,51.59274,-0.31945,'Harrow',253),('HA4',510200,186900,51.56971,-0.40977,'Hillingdon',253),('HA5',511900,189700,51.59455,-0.38436,'Harrow',253),('HA6',509400,191400,51.61032,-0.41991,'Hillingdon',253),('HA7',517200,191500,51.60965,-0.30727,'Harrow',253),('HA8',519600,191700,51.61094,-0.27255,'Barnet',253),('HA9',518800,185900,51.55898,-0.28606,'Brent',253),('HD1',414000,416700,53.64639,-1.78819,'Huddersfield',263),('HD2',414900,419100,53.66794,-1.77446,'Huddersfield',263),('HD3',411400,417400,53.65274,-1.82750,'Huddersfield',263),('HD4',413500,414500,53.62662,-1.79585,'Huddersfield',263),('HD5',416800,416800,53.64720,-1.74583,'Huddersfield',263),('HD6',414400,422800,53.70121,-1.78186,'Halifax',227),('HD7',408200,414200,53.62404,-1.87601,'Huddersfield',263),('HD8',421200,411700,53.60120,-1.67960,'Kirkburton',263),('HD9',413600,409300,53.57988,-1.79457,'Holme',263),('HG1',430600,456100,53.99983,-1.53313,'Harrogate',282),('HG2',431100,454700,53.98722,-1.52565,'Harrogate',282),('HG3',425100,459500,54.03069,-1.61676,'Clint',282),('HG4',428300,473500,54.15636,-1.56660,'North Stainley',282),('HG5',435600,457600,54.01300,-1.45668,'Knaresborough',282),('HP1',504400,207400,51.75509,-0.48731,'Hemel Hempstead',259),('HP10',489900,190900,51.60928,-0.70159,'Chepping Wycombe',225),('HP11',486900,192500,51.62413,-0.74451,'High Wycombe',225),('HP12',484600,192600,51.62538,-0.77771,'High Wycombe',225),('HP13',487100,193500,51.63309,-0.74137,'High Wycombe',225),('HP14',481000,195100,51.64839,-0.82913,'Bledlow-cum-Saunderton',225),('HP15',489100,196100,51.65615,-0.71182,'Hazlemere',225),('HP16',488600,201200,51.70208,-0.71775,'Great Missenden',225),('HP17',478000,209200,51.77558,-0.86933,'Dinton',225),('HP18',470200,213300,51.81347,-0.98155,'Ashendon',225),('HP19',481000,214400,51.82190,-0.82464,'Aylesbury',225),('HP2',506800,208300,51.76273,-0.45227,'Hemel Hempstead',259),('HP20',482500,214100,51.81898,-0.80295,'Aylesbury',225),('HP21',482400,212700,51.80641,-0.80473,'Aylesbury',225),('HP22',485100,212700,51.80601,-0.76558,'Weston Turville',225),('HP23',492400,211600,51.79496,-0.66001,'Tring',259),('HP27',480800,203000,51.71944,-0.83019,'Princes Risborough',225),('HP3',505600,205400,51.73689,-0.47054,'Hemel Hempstead',259),('HP4',498900,208600,51.76688,-0.56663,'Berkhamsted',259),('HP5',496200,202500,51.71251,-0.60744,'Chesham',225),('HP6',496900,198700,51.67823,-0.59836,'Amersham',225),('HP7',496200,197200,51.66487,-0.60890,'Amersham',225),('HP8',498700,194800,51.64286,-0.57344,'Chalfont St Giles',225),('HP9',494300,191100,51.61035,-0.63801,'Beaconsfield',225),('HS1',142700,933300,58.21347,-6.38138,'Stornoway',380),('HS2',137900,937600,58.24916,-6.46768,'Eilean Siar',380),('HS3',112300,898000,57.87876,-6.85387,'Eilean Siar',380),('HS4',121900,896300,57.86961,-6.69056,'Eilean Siar',380),('HS5',105300,889700,57.79992,-6.96123,'Leverburgh',380),('HS6',83500,869100,57.60080,-7.29943,'Eilean Siar',380),('HS7',79800,852200,57.44703,-7.33888,'Eilean Siar',380),('HS8',77500,828400,57.23253,-7.34593,'Eilean Siar',380),('HS9',67600,800000,56.97148,-7.47153,'Eilean Siar',380),('HX1',408600,425000,53.72111,-1.86966,'Halifax',227),('HX2',406300,426800,53.73733,-1.90448,'Halifax',227),('HX3',410300,425600,53.72648,-1.84387,'Halifax',227),('HX4',407900,420400,53.67978,-1.88039,'Halifax',227),('HX5',410900,421100,53.68601,-1.83494,'Halifax',227),('HX6',405000,422400,53.69779,-1.92426,'Halifax',227),('HX7',399500,427000,53.73916,-2.00758,'Hebden Royd',227),('IG1',543800,186500,51.55855,0.07463,'Ilford',253),('IG10',542900,196400,51.64775,0.06569,'Loughton',249),('IG11',545200,184000,51.53573,0.09378,'Barking',253),('IG2',544200,188200,51.57373,0.08109,'Ilford',253),('IG3',545600,186900,51.56168,0.10074,'Ilford',253),('IG4',542400,188500,51.57688,0.05525,'Ilford',253),('IG5',543100,189700,51.58749,0.06584,'Ilford',253),('IG6',544700,190300,51.59247,0.08917,'Ilford',253),('IG7',544600,192600,51.61316,0.08867,'Loughton',249),('IG8',540800,191800,51.60694,0.03350,'Ilford',253),('IG9',541200,193700,51.62391,0.04004,'Loughton',249),('IM1',237942,475605,54.15048,-4.48174,'Douglas, Braddan',340),('IM2',238912,478736,54.17891,-4.46857,'Douglas, Braddan',340),('IM3',239997,477950,54.17219,-4.45155,'Onchan',340),('IM4',234728,479459,54.18407,-4.53302,'Peel, German',340),('IM5',223450,480890,54.19316,-4.70650,'Baldrine, Loman',340),('IM6',232056,490973,54.28659,-4.58037,'Kirk Michael',340),('IM7',243266,494980,54.32613,-4.41041,'St Judes, Andreas',340),('IM8',264281,488951,54.27800,-4.08474,'Ramsay',340),('IM9',224521,469564,54.09184,-4.68352,'Arbory',340),('IP1',615300,245600,52.06644,1.14151,'Ipswich',315),('IP10',624300,240700,52.01888,1.26939,'Levington',315),('IP11',629000,235500,51.97028,1.33430,'Felixstowe',315),('IP12',631000,249200,52.09243,1.37262,'Bromeswell',315),('IP13',627000,259300,52.18475,1.32107,'Kettleburgh',315),('IP14',607300,260800,52.20597,1.03423,'Stowupland',315),('IP15',646000,257100,52.15686,1.59688,'Aldeburgh',315),('IP16',645000,262300,52.20397,1.58604,'Leiston',315),('IP17',639200,264900,52.22985,1.50316,'Kelsale',315),('IP18',650200,276600,52.32995,1.67259,'Southwold',315),('IP19',638100,277100,52.33982,1.49570,'Halesworth',315),('IP2',615000,243200,52.04501,1.13563,'Ipswich',315),('IP20',625900,283900,52.40601,1.32150,'Harleston',277),('IP21',620300,279000,52.36431,1.23608,'Syleham',315),('IP22',607800,279700,52.37548,1.05319,'Wortham',315),('IP23',613000,272200,52.30615,1.12472,'Eye',315),('IP24',587600,283700,52.41869,0.75903,'Thetford',277),('IP25',592300,302500,52.58588,0.83892,'Ovington',277),('IP26',574900,293100,52.50733,0.57739,'Methwold',277),('IP27',575800,284500,52.42980,0.58610,'Brandon',315),('IP28',573700,272900,52.32627,0.54924,'Tuddenham',315),('IP29',582000,258300,52.19245,0.66303,'Whepstead',315),('IP3',618600,243000,52.04180,1.18792,'Ipswich',315),('IP30',593800,260600,52.20909,0.83679,'Hessett',315),('IP31',592900,269600,52.29023,0.82877,'Pakenham',315),('IP32',585500,265200,52.25326,0.71797,'Bury St Edmunds',315),('IP33',584900,263900,52.24178,0.70848,'Bury St Edmunds',315),('IP4',618000,245000,52.06000,1.18046,'Ipswich',315),('IP5',622200,245300,52.06102,1.24182,'Kesgrave',315),('IP6',613200,252700,52.13100,1.11536,'Hemingstone',315),('IP7',602100,245300,52.06872,0.94901,'Aldham',315),('IP8',611300,244900,52.06169,1.08280,'Sproughton',315),('IP9',616200,237200,51.99067,1.14931,'Holbrook',315),('IV1',266300,846300,57.48740,-4.23059,'Inverness',384),('IV10',272900,857000,57.58536,-4.12616,'Highland',384),('IV11',278500,867100,57.67758,-4.03762,'Cromarty',384),('IV12',288500,855300,57.57422,-3.86458,'Nairn',384),('IV13',278900,829800,57.34280,-4.01239,'Highland',384),('IV14',247700,857900,57.58564,-4.54783,'Strathpeffer',384),('IV15',254800,859200,57.59965,-4.42996,'Dingwall',384),('IV16',260600,866200,57.66431,-4.33703,'Evanton',384),('IV17',265300,870000,57.69985,-4.26043,'Alness',384),('IV18',271600,870000,57.70169,-4.15479,'Invergordon',384),('IV19',277500,881300,57.80478,-4.06162,'Tain',384),('IV2',268600,844100,57.46833,-4.19107,'Highland',384),('IV20',286600,879000,57.78653,-3.90748,'Highland',384),('IV21',178500,876500,57.72377,-5.72019,'Gairloch',384),('IV22',191300,877800,57.74156,-5.50682,'Highland',384),('IV23',221000,879900,57.77322,-5.01018,'Highland',384),('IV24',260400,891500,57.89133,-4.35512,'Highland',384),('IV25',278900,890900,57.89135,-4.04295,'Highland',384),('IV26',212100,896200,57.91578,-5.17243,'Highland',384),('IV27',235800,935400,58.27684,-4.80032,'Highland',384),('IV28',272600,904900,58.01527,-4.15668,'Rogart',384),('IV3',265400,845200,57.47726,-4.24499,'Inverness',384),('IV30',320800,863500,57.65468,-3.32732,'Elgin',388),('IV31',323200,870400,57.71706,-3.28931,'Lossiemouth',388),('IV32',333700,860700,57.63161,-3.11041,'Mosstodloch',388),('IV36',304200,859000,57.61104,-3.60363,'Forres',388),('IV4',248000,842600,57.44843,-4.53328,'Highland',384),('IV40',180000,826300,57.27446,-5.64981,'Highland',384),('IV41',174800,826500,57.27372,-5.73605,'Kyleakin',384),('IV42',169000,823000,57.23946,-5.82877,'Highland',384),('IV43',169600,813600,57.15550,-5.81015,'Highland',384),('IV44',165500,809300,57.11488,-5.87374,'Saasaig',384),('IV45',163300,804100,57.06714,-5.90508,'Highland',384),('IV46',158800,809600,57.11410,-5.98441,'Ferrindonald',384),('IV47',138400,831000,57.29467,-6.34284,'Highland',384),('IV48',153300,831900,57.31102,-6.09713,'Highland',384),('IV49',161800,822100,57.22770,-5.94693,'Highland',384),('IV5',255400,844500,57.46790,-4.41120,'Highland',384),('IV51',145500,851300,57.48055,-6.24636,'Highland',384),('IV52',180300,833300,57.33737,-5.65106,'Plockton',384),('IV53',186200,833800,57.34465,-5.55367,'Highland',384),('IV54',183000,843600,57.43101,-5.61538,'Highland',384),('IV55',123500,850300,57.45873,-6.61100,'Highland',384),('IV56',133800,839300,57.36636,-6.42790,'A863',384),('IV6',252900,851100,57.52634,-4.45682,'Muir Of Ord',384),('IV63',249200,828500,57.32228,-4.50465,'Lewiston',384),('IV7',257500,857400,57.58435,-4.38376,'Highland',384),('IV8',264500,853800,57.55419,-4.26477,'Highland',384),('IV9',269800,855300,57.56922,-4.17706,'Avoch',384),('JE1',391286,-78769,49.19094,-2.11961,'St Helier',341),('JE2',392192,-77560,49.20183,-2.10719,'St Helier',341),('JE3',390223,-79337,49.18581,-2.13418,'St+F2813 Ouen',341),('JE4',393368,-78440,49.19392,-2.09104,'St Helier',341),('KA1',242800,636400,55.59580,-4.49509,'Kilmarnock',376),('KA10',233000,631600,55.54945,-4.64755,'Troon',396),('KA11',234700,639100,55.61736,-4.62512,'Irvine',389),('KA12',232300,639400,55.61923,-4.66337,'Irvine',389),('KA13',230200,643500,55.65530,-4.69921,'Kilwinning',389),('KA14',232300,652900,55.74041,-4.67162,'Glengarnock',389),('KA15',235200,653700,55.74859,-4.62596,'Beith',389),('KA16',253200,637300,55.60713,-4.33065,'Newmilns',376),('KA17',256300,637600,55.61075,-4.28164,'Darvel',376),('KA18',258400,619700,55.45063,-4.23917,'Cumnock',376),('KA19',230900,609000,55.34585,-4.66707,'South Ayrshire',396),('KA2',238500,636600,55.59619,-4.56338,'Gatehead',376),('KA20',226900,642100,55.64157,-4.75072,'Stevenston',389),('KA21',224900,642200,55.64176,-4.78253,'Ardrossan',389),('KA22',223400,643200,55.65019,-4.80697,'Ardrossan',389),('KA23',220600,647900,55.69135,-4.85449,'West Kilbride',389),('KA24',229500,649600,55.70981,-4.71412,'Dalry',389),('KA25',231300,654300,55.75263,-4.68840,'Kilbirnie',389),('KA26',219800,595300,55.21894,-4.83313,'South Ayrshire',396),('KA27',199900,631800,55.53880,-5.17162,'North Ayrshire',389),('KA28',216600,655100,55.75447,-4.92287,'Millport',389),('KA29',221000,655200,55.75701,-4.85291,'Fairlie',389),('KA3',243000,641800,55.64435,-4.49499,'East Ayrshire',376),('KA30',220600,659700,55.79725,-4.86224,'Largs',389),('KA4',249900,636500,55.59894,-4.38256,'Galston',376),('KA5',249300,626600,55.50987,-4.38668,'Mauchline',376),('KA6',241500,616400,55.41582,-4.50427,'South Ayrshire',396),('KA7',233800,620200,55.44739,-4.62805,'Ayr',396),('KA8',234900,622800,55.47110,-4.61222,'Ayr',396),('KA9',235500,625700,55.49734,-4.60446,'Ayr',396),('KT1',518500,169000,51.40713,-0.29606,'Kingston Upon Thames',253),('KT10',514600,164500,51.36749,-0.35357,'Esher',317),('KT11',511300,160000,51.32769,-0.40237,'Cobham',317),('KT12',510900,165500,51.37721,-0.40639,'West Molesey',317),('KT13',508000,164400,51.36788,-0.44838,'West Molesey',317),('KT14',505500,161100,51.33869,-0.48526,'Surrey',317),('KT15',504800,163800,51.36309,-0.49451,'Addlestone',317),('KT16',503400,166000,51.38312,-0.51398,'Surrey',317),('KT17',522000,161700,51.34078,-0.24827,'Epsom',317),('KT18',521100,159000,51.31670,-0.26210,'Surrey',317),('KT19',520600,162800,51.35096,-0.26799,'Epsom',317),('KT2',519000,170000,51.41602,-0.28854,'Kingston Upon Thames',253),('KT20',523400,155600,51.28564,-0.23029,'Reigate and Banstead',317),('KT21',518400,158300,51.31098,-0.30106,'Leatherhead',317),('KT22',515900,157100,51.30070,-0.33731,'Leatherhead',317),('KT23',513700,154900,51.28137,-0.36956,'Dorking',317),('KT24',509600,153400,51.26869,-0.42879,'East Horsley',317),('KT3',521300,168200,51.39935,-0.25609,'Kingston Upon Thames',253),('KT4',522300,165800,51.37757,-0.24255,'Sutton',253),('KT5',519200,167300,51.39171,-0.28657,'Kingston Upon Thames',253),('KT6',518300,167000,51.38920,-0.29960,'Kingston Upon Thames',253),('KT7',516400,167000,51.38959,-0.32690,'Esher',317),('KT8',513900,168200,51.40089,-0.36243,'West Molesey',317),('KT9',518200,164200,51.36405,-0.30197,'Kingston Upon Thames',253),('KW1',334600,952700,58.45801,-3.12092,'Highland',384),('KW10',283200,900100,57.97509,-3.97500,'Golspie',384),('KW11',275200,937100,58.30505,-4.12991,'Highland',384),('KW12',313100,958500,58.50634,-3.49149,'Halkirk',384),('KW13',289400,953400,58.45518,-3.89556,'Highland',384),('KW14',309600,967800,58.58913,-3.55523,'Thurso',384),('KW15',344900,1010700,58.98030,-2.95862,'Kirkwall',392),('KW16',326800,1008700,58.95963,-3.27278,'Stromness',392),('KW17',342500,1017600,59.04195,-3.00217,'Gorseness',392),('KW2',331900,940600,58.34893,-3.16359,'Whaligoe',384),('KW3',325100,936100,58.30741,-3.27829,'Lybster',384),('KW5',319000,934000,58.28747,-3.38163,'Highland',384),('KW6',315400,929800,58.24908,-3.44148,'Highland',384),('KW7',311800,922900,58.18641,-3.50018,'Highland',384),('KW8',302000,915300,58.11611,-3.66360,'Highland',384),('KW9',290300,904200,58.01370,-3.85692,'Brora',384),('KY1',329300,693400,56.12815,-3.13750,'Kirkcaldy',382),('KY10',356600,704400,56.23024,-2.70011,'Fife',382),('KY11',311900,684700,56.04710,-3.41450,'Fife',382),('KY12',307100,688100,56.07674,-3.49272,'Dunfermline',382),('KY14',323300,713800,56.31048,-3.23992,'Fife',382),('KY15',335000,712500,56.30055,-3.05050,'Fife',382),('KY16',349400,716900,56.34184,-2.81865,'Fife',382),('KY2',326500,692800,56.12234,-3.18238,'Kirkcaldy',382),('KY3',323400,686300,56.06346,-3.23037,'Burntisland',382),('KY4',315400,692100,56.11421,-3.36066,'Fife',382),('KY5',319600,695500,56.14548,-3.29416,'Fife',382),('KY6',325700,701100,56.19678,-3.19756,'Glenrothes',382),('KY7',328400,701100,56.19719,-3.15405,'Glenrothes',382),('KY8',337300,701000,56.19755,-3.01061,'Leven',382),('KY9',348300,702200,56.20965,-2.83356,'Kilconquhar',382),('L1',334900,390000,53.40254,-2.97928,'Liverpool',270),('L10',338500,397900,53.47398,-2.92668,'Aintree',300),('L11',339300,395000,53.44801,-2.91407,'Liverpool',270),('L12',340600,393500,53.43467,-2.89421,'Liverpool',270),('L13',338900,391600,53.41740,-2.91943,'Liverpool',270),('L14',341600,391700,53.41861,-2.87883,'Liverpool',270),('L15',338900,389400,53.39763,-2.91901,'Liverpool',270),('L16',341000,389500,53.39876,-2.88744,'Liverpool',270),('L17',337500,387200,53.37769,-2.93962,'Liverpool',270),('L18',339700,387500,53.38064,-2.90661,'Garston',270),('L19',340000,385100,53.35910,-2.90165,'Garston',270),('L2',334300,390500,53.40696,-2.98841,'Liverpool',270),('L20',334400,395600,53.45281,-2.98797,'Southport',300),('L21',333700,397600,53.47070,-2.99893,'Southport',300),('L22',331900,398300,53.47676,-3.02620,'Southport',300),('L23',332200,399900,53.49118,-3.02203,'Crosby',270),('L24',344300,383300,53.34339,-2.83672,'Garston',270),('L25',342600,387200,53.37827,-2.86296,'Garston',270),('L26',344600,385600,53.36410,-2.83262,'Halewood',264),('L27',344300,388200,53.38744,-2.83758,'Liverpool',270),('L28',342600,393500,53.43490,-2.86411,'Knowsley',264),('L29',334800,401600,53.50679,-2.98319,'Sefton',300),('L3',334600,390700,53.40880,-2.98394,'Liverpool',270),('L30',335600,399100,53.48442,-2.97062,'Southport',300),('L31',337900,402300,53.51346,-2.93659,'Maghull',300),('L32',341000,398300,53.47786,-2.88909,'Kirkby',264),('L33',341900,399600,53.48965,-2.87577,'Kirkby',264),('L34',345900,393600,53.43614,-2.81445,'Knowsley',264),('L35',348000,391200,53.41478,-2.78244,'Rainhill',310),('L36',344200,391200,53.41439,-2.83962,'Hyton',264),('L37',329600,407300,53.55735,-3.06288,'Southport',300),('L38',330400,403600,53.52420,-3.04998,'Southport',300),('L39',340700,407600,53.56142,-2.89537,'Ormskirk',265),('L4',336200,393900,53.43775,-2.96052,'Liverpool',270),('L40',344400,412100,53.60227,-2.84032,'Burscough',265),('L5',335200,392500,53.42505,-2.97529,'Liverpool',270),('L6',336900,391800,53.41896,-2.94956,'Liverpool',270),('L69',335300,390500,53.40709,-2.97337,'Liverpool',270),('L7',337000,390300,53.40549,-2.94776,'Liverpool',270),('L70',335500,390700,53.40891,-2.97040,'Liverpool',270),('L8',336000,388600,53.39009,-2.96246,'Liverpool',270),('L9',336800,396500,53.46120,-2.95201,'Liverpool',270),('LA1',347700,461500,54.04663,-2.79885,'Lancaster',265),('LA10',367900,491100,54.31433,-2.49348,'Sedbergh',239),('LA11',339700,478700,54.20034,-2.92446,'Grange-over-Sands',239),('LA12',329400,479200,54.20351,-3.08246,'Ulverston',239),('LA13',321700,469800,54.11792,-3.19805,'Dalton-in-Furness',239),('LA14',319600,469900,54.11850,-3.23020,'Dalton-in-Furness',239),('LA15',323100,474000,54.15588,-3.17770,'Dalton Town with Newton',239),('LA16',321600,477400,54.18620,-3.20155,'Ireleth',239),('LA17',323400,483200,54.23860,-3.17545,'Kirkby Ireleth',239),('LA18',316900,480700,54.21512,-3.27448,'Millom',239),('LA19',310500,489500,54.29312,-3.37523,'Bootle',239),('LA2',355900,463500,54.06537,-2.67390,'Caton',265),('LA20',321600,489400,54.29404,-3.20469,'Broughton West',239),('LA21',330300,497100,54.36450,-3.07283,'Coniston',239),('LA22',336000,503500,54.42276,-2.98649,'Lakes',239),('LA23',340800,497700,54.37122,-2.91136,'Windermere',239),('LA3',342600,462000,54.05058,-2.87683,'Lancaster',265),('LA4',344300,464100,54.06964,-2.85125,'Lancaster',265),('LA5',348400,472200,54.14287,-2.78998,'Warton',265),('LA6',360100,475700,54.17537,-2.61134,'Whittingham',265),('LA7',349700,481400,54.22568,-2.77162,'Milnthorpe',239),('LA8',350600,492300,54.32373,-2.75961,'Kendal',239),('LA9',351700,492500,54.32563,-2.74273,'Kendal',239),('LD1',306800,263400,52.26047,-3.36570,'Llandrindod Wells',417),('LD2',304700,250200,52.14145,-3.39275,'Duhonw',417),('LD3',305800,230000,51.96006,-3.37111,'Llanddew',417),('LD4',293600,247800,52.11786,-3.55416,'Llangamarch',417),('LD5',289400,248900,52.12692,-3.61584,'Treflys',417),('LD6',297200,269000,52.30909,-3.50804,'Rhayader',417),('LD7',326100,273300,52.35240,-3.08513,'Knighton',417),('LD8',328800,263800,52.26735,-3.04348,'Presteigne',417),('LE1',459000,304400,52.63379,-1.12812,'Leicester',267),('LE10',442900,293400,52.53641,-1.36744,'Hinckley',268),('LE11',452900,319400,52.76927,-1.21584,'Loughborough',268),('LE12',454500,319100,52.76641,-1.19217,'Loughborough',268),('LE13',475200,319300,52.76572,-0.88536,'Melton Mowbray',268),('LE14',474500,321300,52.78380,-0.89527,'Melton Mowbray',268),('LE15',487900,307300,52.65594,-0.70037,'Hambleton',297),('LE16',475200,288200,52.48616,-0.89244,'Dingley',283),('LE17',455900,285800,52.46690,-1.17706,'Gilmorton',268),('LE18',460200,298800,52.58332,-1.11141,'Oadby',268),('LE2',459900,301700,52.60942,-1.11531,'Leicester',267),('LE3',455500,303800,52.62876,-1.17993,'Leicester',267),('LE4',459300,307700,52.66342,-1.12309,'Leicester',267),('LE5',461900,304700,52.63616,-1.08521,'Leicester',267),('LE6',451300,307500,52.66244,-1.24141,'Groby',268),('LE65',435900,316900,52.74819,-1.46810,'Ashby-de-la-Zouch',268),('LE67',443200,313400,52.71619,-1.36041,'Coalville',268),('LE7',463000,309300,52.67739,-1.06808,'Barkby',268),('LE8',461200,295400,52.55264,-1.09728,'Kilby',268),('LE9',448300,297200,52.57012,-1.28728,'Hinckley',268),('LL11',330700,352300,53.06314,-3.03425,'Broughton',422),('LL12',333800,354800,53.08601,-2.98851,'Gresford',422),('LL13',335700,349200,53.03590,-2.95902,'Abenbury',422),('LL14',329500,344400,52.99198,-3.05043,'Ruabon',422),('LL15',312000,357000,53.10263,-3.31455,'Ruthin',409),('LL16',304300,366300,53.18489,-3.43231,'Denbigh',409),('LL17',304300,373900,53.25319,-3.43460,'St Asaph',409),('LL18',301700,380300,53.31023,-3.47554,'Rhyl',409),('LL19',306200,382500,53.33082,-3.40866,'Prestatyn',409),('LL20',322100,340900,52.95949,-3.15982,'Llangollen',409),('LL21',305400,344600,52.99006,-3.40947,'Corwen',409),('LL22',293800,375800,53.26827,-3.59257,'Betws-yn-Rhos',408),('LL23',292400,335400,52.90493,-3.60003,'Bala',410),('LL24',280400,352600,53.05695,-3.78474,'Bro Machno',408),('LL25',274100,352500,53.05460,-3.87866,'Dolwyddelan',408),('LL26',280600,361700,53.13877,-3.78514,'Llanrwst',408),('LL27',278100,362700,53.14718,-3.82288,'Trefriw',408),('LL28',282700,378200,53.28749,-3.75983,'Mochdre',408),('LL29',286200,378300,53.28916,-3.70738,'Old Colwyn',408),('LL30',279100,381700,53.31813,-3.81514,'Llandudno',408),('LL31',279400,378600,53.29035,-3.80946,'Deganwy',408),('LL32',277300,375300,53.26022,-3.83968,'Henryd',408),('LL33',267900,374400,53.24987,-3.98015,'Llanfairfechan',408),('LL34',272500,376600,53.27076,-3.91212,'Penmaenmawr',408),('LL35',261600,296300,52.54657,-4.04127,'Aberdovey',410),('LL36',260300,302700,52.60374,-4.06313,'Bryncrug',410),('LL37',259200,309600,52.66546,-4.08230,'Llangelynin',410),('LL38',262200,313100,52.69767,-4.03943,'Arthog',410),('LL39',264200,314500,52.71076,-4.01043,'Arthog',410),('LL40',273500,319300,52.75614,-3.87468,'Brithdir',410),('LL41',269900,343100,52.96914,-3.93750,'Ffestiniog',410),('LL42',261300,316200,52.72530,-4.05405,'Barmouth',410),('LL43',258900,321700,52.77409,-4.09193,'Dyffryn Ardudwy',410),('LL44',258700,323600,52.79111,-4.09572,'Dyffryn Ardudwy',410),('LL45',258800,326800,52.81989,-4.09562,'Llanbedr',410),('LL46',258200,330700,52.85477,-4.10621,'Harlech',410),('LL47',261300,335800,52.90140,-4.06237,'Talsarnau',410),('LL48',260900,339600,52.93544,-4.06994,'Penrhyndeudraeth',410),('LL49',256300,339000,52.92883,-4.13808,'Porthmadog',410),('LL51',249800,344200,52.97377,-4.23712,'Dolbenmaen',410),('LL52',249400,338700,52.92425,-4.24052,'Criccieth',410),('LL53',232400,334800,52.88418,-4.49117,'Buan',410),('LL54',246900,353700,53.05829,-4.28478,'Llanllyfni',410),('LL55',252600,361900,53.13355,-4.20355,'Llanrug',410),('LL56',253100,367800,53.18669,-4.19879,'Y Felinheli',410),('LL57',259100,369900,53.20718,-4.10998,'Llandygai',410),('LL58',260100,378000,53.28022,-4.09857,'Beaumaris',411),('LL59',255900,373000,53.23417,-4.15926,'Cwm Cadnant',411),('LL60',248500,371100,53.21505,-4.26915,'Llanfihangel Ysgeifiog',411),('LL61',248900,368900,53.19540,-4.26212,'Llanidan',411),('LL62',240700,370800,53.21007,-4.38572,'Bodorgan',411),('LL63',235100,371900,53.21824,-4.47007,'Aberffraw',411),('LL64',232000,373100,53.22805,-4.51709,'Rhosneigr',411),('LL65',228800,381300,53.30067,-4.56940,'Valley',411),('LL66',240100,389800,53.38055,-4.40427,'Rhosybol',411),('LL67',236800,393300,53.41097,-4.45565,'Llanbadrig',411),('LL68',242000,391700,53.39818,-4.37668,'Amlwch',411),('LL69',245800,390200,53.38583,-4.31883,'Penysarn',411),('LL70',247800,387700,53.36396,-4.28758,'Moelfre',411),('LL71',242300,383800,53.32732,-4.36823,'Llannerch-Y-Medd',411),('LL72',250900,386000,53.34957,-4.24023,'Moelfre',411),('LL73',250600,384400,53.33511,-4.24397,'Llaneugrad',411),('LL74',251300,382300,53.31645,-4.23248,'Llanfair-Mathafarn-Eithaf',411),('LL75',252100,378600,53.28343,-4.21876,'Pentraeth',411),('LL76',250900,380500,53.30017,-4.23764,'Llanfair-Mathafarn-Eithaf',411),('LL77',245900,376200,53.26011,-4.31053,'Llangefni',411),('LL78',249300,382400,53.31678,-4.26253,'Llanfair-Mathafarn-Eithaf',411),('LN1',494300,374500,53.25883,-0.58621,'Burton',269),('LN10',519200,363900,53.15858,-0.21703,'Woodhall Spa',269),('LN11',534700,388200,53.37320,0.02496,'Louth',269),('LN12',550900,383800,53.32930,0.26620,'Mablethorpe',269),('LN13',545700,376500,53.26518,0.18482,'Alford',269),('LN2',499500,374100,53.25429,-0.50840,'Nettleham',269),('LN3',505500,373000,53.24325,-0.41885,'Fiskerton',269),('LN4',508000,362700,53.15018,-0.38489,'Dunston',269),('LN5',496500,364800,53.17126,-0.55617,'Waddington',269),('LN6',493900,368300,53.20319,-0.59403,'Lincoln',269),('LN7',509900,400800,53.49216,-0.34327,'Caistor',269),('LN8',511500,387600,53.37321,-0.32384,'Linwood',269),('LN9',526100,370600,53.21719,-0.11124,'Horncastle',269),('LS1',429800,433500,53.79674,-1.54754,'Leeds',266),('LS10',430900,429600,53.76162,-1.53123,'Leeds',266),('LS11',429300,431200,53.77609,-1.55535,'Leeds',266),('LS12',426600,432800,53.79062,-1.59618,'Leeds',266),('LS13',424100,435000,53.81052,-1.63396,'Leeds',266),('LS14',435800,437000,53.82782,-1.45604,'Leeds',266),('LS15',436600,434600,53.80619,-1.44417,'Leeds',266),('LS16',426200,439500,53.85086,-1.60169,'Leeds',266),('LS17',431100,440500,53.85958,-1.52709,'Harewood',266),('LS18',423600,438300,53.84020,-1.64130,'Leeds',266),('LS19',420900,440400,53.85920,-1.68220,'Guiseley',266),('LS2',429900,434000,53.80123,-1.54597,'Leeds',266),('LS20',418900,442000,53.87365,-1.71251,'Guiseley',266),('LS21',421100,446200,53.91132,-1.67876,'Otley',266),('LS22',439800,448600,53.93179,-1.39375,'Wetherby',266),('LS23',442400,445500,53.90372,-1.35458,'Boston Spa',266),('LS24',449200,441800,53.86987,-1.25168,'Grimston',282),('LS25',444100,432400,53.78584,-1.33059,'Micklefield',266),('LS26',436400,428600,53.75227,-1.44791,'Rothwell',266),('LS27',426200,428100,53.74839,-1.60266,'Gildersome',266),('LS28',421800,434000,53.80163,-1.66897,'Leeds',266),('LS29',412900,447200,53.92058,-1.80356,'Ilkley',222),('LS3',429000,434000,53.80128,-1.55964,'Leeds',266),('LS4',427600,434900,53.80944,-1.58082,'Leeds',266),('LS5',426200,435900,53.81851,-1.60199,'Leeds',266),('LS6',428500,436000,53.81928,-1.56704,'Leeds',266),('LS7',430300,435900,53.81828,-1.53971,'Leeds',266),('LS8',432300,436600,53.82445,-1.50926,'Leeds',266),('LS9',432400,433800,53.79928,-1.50803,'Leeds',266),('LU1',508500,220800,51.87476,-0.42373,'Luton',272),('LU2',510400,222700,51.89147,-0.39553,'Luton',272),('LU3',507100,224500,51.90829,-0.44291,'Luton',272),('LU4',505500,223400,51.89871,-0.46650,'Luton',272),('M17',378900,397000,53.46906,-2.31789,'Urmston',323),('M24',387000,406100,53.55113,-2.19624,'Middleton',295),('M25',381800,403600,53.52850,-2.27459,'Bury',226),('M26',377900,407300,53.56161,-2.33369,'Bury',226),('M27',377700,401800,53.51216,-2.33631,'Salford',298),('M28',373700,402100,53.51467,-2.39666,'Walkden',298),('M29',369700,401400,53.50816,-2.45692,'Pemberton',330),('M3',383400,398600,53.48361,-2.25018,'Salford',298),('M30',376500,398700,53.48424,-2.35418,'Salford',298),('M31',372000,391500,53.41930,-2.42136,'Partington',323),('M32',379500,394900,53.45021,-2.30872,'Urmston',323),('M33',378400,391600,53.42050,-2.32506,'Trafford',323),('M34',392200,395500,53.45594,-2.11748,'Ashton-under-Lyne',319),('M35',389900,401200,53.50714,-2.15230,'Oldham',287),('M38',372100,404000,53.53167,-2.42096,'Walkden',298),('M41',375900,395000,53.45095,-2.36294,'Urmston',323),('M43',390200,398600,53.48378,-2.14770,'Ashton-under-Lyne',319),('M44',371700,393900,53.44086,-2.42609,'Salford',298),('M45',380900,405700,53.54734,-2.28829,'Bury',226),('M46',367500,403400,53.52601,-2.49031,'Pemberton',330),('M5',381100,398100,53.47903,-2.28482,'Salford',298),('M6',380300,399500,53.49159,-2.29696,'Salford',298),('M7',382700,401000,53.50516,-2.26086,'Salford',298),('ME1',574000,166700,51.37216,0.50017,'Rochester',273),('ME10',590600,164000,51.34258,0.73697,'Sittingbourne',262),('ME11',591100,171800,51.41247,0.74833,'Queenborough',262),('ME12',595000,173100,51.42282,0.80507,'Sittingbourne',262),('ME13',601900,160000,51.30275,0.89675,'Faversham',262),('ME14',577200,156600,51.28043,0.54108,'Maidstone',262),('ME15',576800,153700,51.25450,0.53392,'Maidstone',262),('ME16',574300,155800,51.27414,0.49915,'Maidstone',262),('ME17',582200,151700,51.23484,0.61021,'Leeds',262),('ME18',569100,152300,51.24426,0.42301,'West Farleigh',262),('ME19',568100,157700,51.29307,0.41123,'West Malling',262),('ME2',572900,168800,51.39136,0.48540,'Strood',273),('ME20',571400,159100,51.30467,0.45919,'Ditton',262),('ME3',577000,173600,51.43322,0.54668,'Hoo St Werburgh',273),('ME4',576100,167700,51.38050,0.53081,'Rochester',273),('ME5',576400,164200,51.34896,0.53338,'Rochester',273),('ME6',570100,161500,51.32662,0.44170,'Snodland',262),('ME7',577900,167600,51.37904,0.55660,'Gillingham',273),('ME8',580900,165700,51.36102,0.59870,'Gillingham',273),('ME9',589800,162900,51.33297,0.72491,'Sittingbourne',262),('MK1',487400,234900,52.00522,-0.72659,'Bletchley',275),('MK10',489300,238700,52.03908,-0.69792,'Milton Keynes',275),('MK11',479500,240000,52.05226,-0.84048,'Stony Stratford',275),('MK12',481200,240600,52.05741,-0.81555,'Stony Stratford',275),('MK13',483400,240100,52.05258,-0.78359,'Bradwell',275),('MK14',484900,240900,52.05955,-0.76152,'Stantonbury',275),('MK15',487200,240700,52.05739,-0.72802,'Willen',275),('MK16',487600,244200,52.08879,-0.72129,'Newport Pagnell',275),('MK17',489200,233500,51.99235,-0.70074,'Bow Brickhill',275),('MK18',470800,231800,51.97972,-0.96904,'Buckingham',224),('MK19',478700,242200,52.07215,-0.85164,'Cosgrove',283),('MK2',487600,233200,51.98991,-0.72411,'Bletchley',275),('MK3',485600,233900,51.99651,-0.75306,'Bletchley',275),('MK4',483900,234700,52.00397,-0.77762,'Shenley Brook End',275),('MK40',504600,250000,52.13797,-0.47145,'Bedford',215),('MK41',506300,251500,52.15113,-0.44614,'Bedford',215),('MK42',504500,248000,52.12002,-0.47352,'Kempston',215),('MK43',498800,247700,52.11837,-0.55684,'Kempston Rural',215),('MK44',507600,256300,52.19402,-0.42563,'Wilden',215),('MK46',489500,251500,52.15411,-0.69165,'Clifton Reynes',275),('MK5',483500,236500,52.02021,-0.78301,'Shenley Church End',275),('MK6',486300,237600,52.02967,-0.74193,'Woughton On The Green',275),('MK7',489900,236500,52.01921,-0.68976,'Walton',275),('MK8',482100,238200,52.03570,-0.80300,'Bradwell Abbey',275),('MK9',485100,238800,52.04064,-0.75912,'Milton Keynes',275),('N1',532000,183800,51.53717,-0.09652,'Islington',253),('N10',528600,190000,51.59368,-0.14325,'Tottenham',253),('N11',528900,192200,51.61338,-0.13812,'Enfield',253),('N12',526300,192300,51.61487,-0.17561,'Barnet',253),('N13',531400,192900,51.61910,-0.10176,'Enfield',253),('N14',529500,194500,51.63392,-0.12860,'Enfield',253),('N15',532900,188800,51.58190,-0.08166,'Tottenham',253),('N16',533400,186700,51.56290,-0.07525,'Hackney',253),('N17',533600,190600,51.59791,-0.07088,'Tottenham',253),('N18',534000,192300,51.61309,-0.06446,'Enfield',253),('N19',529800,186800,51.56464,-0.12712,'Islington',253),('N2',526900,189500,51.58957,-0.16797,'Barnet',253),('N20',526400,193900,51.62923,-0.17359,'Barnet',253),('N21',531600,194800,51.63612,-0.09816,'Enfield',253),('N22',530900,190700,51.59944,-0.10980,'Tottenham',253),('N3',525200,190600,51.59984,-0.19210,'Barnet',253),('N4',531600,187500,51.57052,-0.10090,'Hackney',253),('N5',531900,185600,51.55337,-0.09729,'Islington',253),('N6',528800,187500,51.57116,-0.14129,'Tottenham',253),('N7',530600,185500,51.55277,-0.11607,'Islington',253),('N8',530500,188900,51.58335,-0.11625,'Tottenham',253),('N9',534500,194000,51.62825,-0.05659,'Enfield',253),('NE10',428600,561500,54.94726,-1.55345,'Gateshead',251),('NE11',423600,560800,54.94123,-1.63157,'Wickham and Dunston',251),('NE12',427600,570100,55.02460,-1.56823,'Longbenton',281),('NE16',419800,559800,54.93240,-1.69096,'Wickham and Dunston',251),('NE17',411800,557700,54.91378,-1.81591,'Blaydon',251),('NE18',408900,571500,55.03787,-1.86072,'Stamfordham',391),('NE19',393900,587200,55.17901,-2.09580,'Elsdon',391),('NE20',413700,573200,55.05304,-1.78553,'Ponteland',391),('NE21',418000,562600,54.95764,-1.71888,'Blaydon',251),('NE22',426500,582500,55.13610,-1.58428,'Wansbeck',391),('NE23',426700,576300,55.08037,-1.58173,'Blyth',391),('NE24',430600,581000,55.12238,-1.52013,'Blyth',391),('NE25',432800,572900,55.04945,-1.48656,'North Tyneside',281),('NE26',434700,573200,55.05201,-1.45679,'North Tyneside',281),('NE27',431300,571000,55.03247,-1.51025,'North Tyneside',281),('NE28',430800,567400,55.00015,-1.51846,'North Tyneside',281),('NE29',434300,568700,55.01160,-1.46359,'North Tyneside',281),('NE30',435800,569800,55.02138,-1.44000,'North Tyneside',281),('NE31',431300,564200,54.97136,-1.51100,'South Tyneside',307),('NE32',433100,563800,54.96765,-1.48292,'South Tyneside',307),('NE33',436600,566400,54.99077,-1.42792,'South Tyneside',307),('NE34',437100,564300,54.97186,-1.42037,'South Tyneside',307),('NE35',434600,562100,54.95227,-1.45970,'South Tyneside',307),('NE36',436000,561300,54.94498,-1.43794,'South Tyneside',307),('NE37',430400,557700,54.91300,-1.52574,'Washington',316),('NE38',430500,555600,54.89412,-1.52441,'Washington',316),('NE39',415500,558800,54.92357,-1.75813,'Blaydon',251),('NE40',414600,563500,54.96584,-1.77193,'Blaydon',251),('NE41',411600,564600,54.97580,-1.81875,'Wylam',391),('NE42',409300,563100,54.96237,-1.85474,'Prudhoe',391),('NE43',406100,561500,54.94804,-1.90475,'Stocksfield',391),('NE44',401400,560900,54.94268,-1.97814,'Broomhaugh and Riding',391),('NE45',399000,564700,54.97683,-2.01563,'Corbridge',391),('NE46',393200,565000,54.97948,-2.10626,'Hexham',391),('NE47',383900,559400,54.92894,-2.25127,'Allendale',391),('NE48',383600,581900,55.13114,-2.25724,'Bellingham',391),('NE49',370600,563700,54.96698,-2.45927,'Haltwhistle',391),('NE61',419800,587400,55.18045,-1.68905,'Morpeth',391),('NE62',426000,585300,55.16129,-1.59187,'Wansbeck',391),('NE63',427900,587100,55.17736,-1.56187,'Wansbeck',391),('NE64',430900,587900,55.18437,-1.51467,'Wansbeck',391),('NE65',415800,602100,55.31270,-1.75104,'Newton on the Moor',391),('NE66',417000,615000,55.42858,-1.73135,'Denwick',391),('NE67',419400,626700,55.53363,-1.69260,'Ellingham',391),('NE68',421600,631200,55.57398,-1.65739,'North Sunderland',391),('NE69',417900,634600,55.60468,-1.71586,'Bamburgh',391),('NE70',411600,633400,55.59409,-1.81591,'Belford',391),('NE71',397200,629100,55.55558,-2.04439,'Akeld',391),('NE8',425400,562400,54.95552,-1.60333,'Gateshead',251),('NE9',426700,559700,54.93118,-1.58328,'Gateshead',251),('NG1',457300,340000,52.95400,-1.14700,'Nottingham',285),('NG10',448300,333900,52.90005,-1.28187,'Ilkeston',242),('NG11',455600,333900,52.89934,-1.17335,'Clifton',285),('NG12',463600,335300,52.91104,-1.05415,'Cotgrave',286),('NG13',472500,339500,52.94767,-0.92087,'Bingham',286),('NG14',464600,346900,53.01519,-1.03696,'Lowdham',286),('NG15',453400,350100,53.04519,-1.20338,'Sutton in Ashfield',286),('NG16',447400,348000,53.02688,-1.29319,'Greasley',286),('NG17',449500,357900,53.11569,-1.26035,'Sutton in Ashfield',286),('NG18',454600,360400,53.13766,-1.18373,'Mansfield',286),('NG19',453700,362800,53.15933,-1.19678,'Mansfield',286),('NG2',458400,337900,52.93500,-1.13100,'West Bridgford',286),('NG20',454500,368400,53.20958,-1.18386,'Warsop',286),('NG21',459900,360800,53.14069,-1.10443,'Rainworth',286),('NG22',468800,365100,53.17826,-0.97046,'Ompton',286),('NG23',480300,358300,53.11553,-0.80012,'North Muskham',286),('NG24',480500,353200,53.06966,-0.79841,'Newark-on-Trent',286),('NG25',470000,353400,53.07294,-0.95506,'Southwell',286),('NG3',458500,341500,52.96735,-1.12887,'Nottingham',285),('NG31',491500,336100,52.91420,-0.63910,'Grantham',269),('NG32',490700,340000,52.94939,-0.64991,'Great Gonerby',269),('NG33',495800,325500,52.81819,-0.57829,'Burton Coggles',269),('NG34',508000,344600,52.98753,-0.39096,'Sleaford',269),('NG4',461400,341900,52.97062,-1.08561,'Carlton',286),('NG5',457500,344800,52.99713,-1.14317,'Nottingham',285),('NG6',454300,344800,52.99746,-1.19085,'Nottingham',285),('NG7',455400,340400,52.95779,-1.17521,'Nottingham',285),('NG8',452900,341100,52.96434,-1.21231,'Nottingham',285),('NG9',451400,336800,52.92583,-1.23533,'Beeston',286),('NN1',476000,261000,52.24154,-0.88682,'Northampton',283),('NN10',495700,266900,52.29150,-0.59668,'Rushden',283),('NN11',456100,260600,52.24033,-1.17833,'Badby',283),('NN12',468600,248200,52.12744,-0.99778,'Towcester',283),('NN13',458500,237500,52.03240,-1.14715,'Brackley',283),('NN14',489000,279900,52.40948,-0.69145,'Warkton',283),('NN15',488100,277100,52.38446,-0.70542,'Kettering',283),('NN16',487000,279400,52.40531,-0.72098,'Kettering',283),('NN17',489000,290000,52.50026,-0.68876,'Corby',283),('NN18',487300,287700,52.47986,-0.71440,'Corby',283),('NN2',475400,263300,52.26230,-0.89509,'Northampton',283),('NN29',491200,263300,52.25990,-0.66362,'Wollaston',283),('NN3',478800,263300,52.26182,-0.84528,'Northampton',283),('NN4',475400,258200,52.21645,-0.89623,'Northampton',283),('NN5',473100,261600,52.24732,-0.92916,'Duston',283),('NN6',472000,269900,52.32208,-0.94350,'Spratton',283),('NN7',473300,257400,52.20954,-0.92714,'Northampton',283),('NN8',488800,268000,52.30254,-0.69754,'Wellingborough',283),('NN9',495500,271500,52.33288,-0.59831,'Irthlingborough',283),('NP10',327600,187300,51.57943,-3.04497,'Graig',415),('NP11',321800,194400,51.64249,-3.13025,'Abercarn',404),('NP12',317200,197400,51.66880,-3.19743,'Blackwood',404),('NP13',321300,204600,51.73412,-3.13977,'Abertillery',402),('NP15',338800,203400,51.72552,-2.88616,'Gwehelog Fawr',413),('NP16',352400,194800,51.64951,-2.68808,'St Arvans',413),('NP18',334700,190200,51.60637,-2.94305,'Caerleon',415),('NP19',333300,188300,51.58913,-2.96290,'Alway',415),('NP20',330400,188500,51.59057,-3.00480,'Allt-yr-yn',415),('NP22',313300,208800,51.77070,-3.25665,'Tredegar',402),('NP23',317500,210300,51.78482,-3.19615,'Ebbw Vale',402),('NP24',314500,203100,51.71964,-3.23786,'New Tredegar',404),('NP25',350200,211900,51.80307,-2.72232,'Monmouth',413),('NP26',346200,188300,51.59051,-2.77669,'Rogiet',413),('NP4',327800,202800,51.71882,-3.04528,'Trevethin',421),('NP44',329000,195200,51.65064,-3.02637,'Cwmbran',421),('NP7',330500,215000,51.82884,-3.00864,'Abergavenny',413),('NP8',321100,218600,51.85996,-3.14586,'Llangattock',417),('NR1',624000,308400,52.62671,1.31012,'Norwich',277),('NR10',619100,320400,52.73642,1.24582,'Hevingham',277),('NR11',620600,332200,52.84173,1.27596,'Erpingham',277),('NR12',634200,323700,52.75971,1.47144,'Smallburgh',277),('NR13',635000,309700,52.63372,1.47327,'Blofield',277),('NR14',629100,301700,52.56445,1.38070,'Alpington',277),('NR15',621900,294900,52.50639,1.27010,'Hempnall',277),('NR16',607900,290900,52.47600,1.06162,'Old Buckenham',277),('NR17',603300,295100,52.51544,0.99655,'Attleborough',277),('NR18',610800,301600,52.57095,1.11105,'Wymondham',277),('NR19',598000,312700,52.67542,0.92907,'Scarning',277),('NR2',622300,308700,52.63010,1.28524,'Norwich',277),('NR20',601300,318300,52.72449,0.98124,'Swanton Morley',277),('NR21',592100,330900,52.84097,0.85257,'Fakenham',277),('NR22',592900,336800,52.89366,0.86793,'Walsingham',277),('NR23',592100,342900,52.94872,0.85966,'Wells-next-the-Sea',277),('NR24',605400,333400,52.85851,1.05135,'Briston',277),('NR25',607400,340300,52.91969,1.08541,'Holt',277),('NR26',616100,342400,52.93511,1.21602,'Sheringham',277),('NR27',621900,341500,52.92467,1.30157,'Cromer',277),('NR28',629100,330400,52.82203,1.40068,'North Walsham',277),('NR29',645900,316800,52.69260,1.63932,'Great Yarmouth',277),('NR3',622900,310200,52.64332,1.29511,'Norwich',277),('NR30',652400,308900,52.61874,1.72926,'Great Yarmouth',277),('NR31',651400,304100,52.57614,1.71087,'Great Yarmouth',277),('NR32',653500,294500,52.48903,1.73448,'Oulton Broad',315),('NR33',652700,290600,52.45441,1.71976,'Oulton Broad',315),('NR34',643600,288300,52.43791,1.58442,'Weston',315),('NR35',633300,290400,52.46125,1.43463,'Bungay',315),('NR4',621000,306800,52.61357,1.26479,'Norwich',277),('NR5',618800,309700,52.64050,1.23427,'Norwich',277),('NR6',622000,312100,52.66074,1.28310,'Norwich',277),('NR8',617100,313800,52.67798,1.21188,'Taverham',277),('NR9',610400,308800,52.63574,1.10973,'Marlingford',277),('NW1',528800,183200,51.53252,-0.14286,'Camden Town',253),('NW10',521600,183800,51.53951,-0.24641,'Brent',253),('NW11',525000,188200,51.57831,-0.19584,'Barnet',253),('NW2',523500,185900,51.55797,-0.21829,'Brent',253),('NW3',526800,185300,51.55184,-0.17093,'Camden Town',253),('NW4',523100,189100,51.58682,-0.22294,'Barnet',253),('NW5',528800,185300,51.55139,-0.14209,'Camden Town',253),('NW6',525200,184100,51.54142,-0.19442,'Camden Town',253),('NW7',522200,192200,51.61488,-0.23484,'Barnet',253),('NW8',526800,183000,51.53117,-0.17175,'Paddington',253),('NW9',520900,189000,51.58640,-0.25472,'Brent',253),('OL1',393000,405900,53.54944,-2.10566,'Oldham',287),('OL10',385300,410500,53.59064,-2.22211,'Heywood',295),('OL11',388500,412200,53.60600,-2.17382,'Rochdale',295),('OL12',389100,415500,53.63567,-2.16487,'Rochdale',295),('OL13',386600,422700,53.70034,-2.20299,'Rawtenstall',265),('OL14',393500,424200,53.71395,-2.09850,'Todmorden',227),('OL15',393400,416400,53.64384,-2.09985,'Rochdale',295),('OL16',391300,412900,53.61234,-2.13152,'Rochdale',295),('OL2',392800,408400,53.57191,-2.10874,'Shaw',287),('OL3',399400,406300,53.55309,-2.00906,'Saddleworth',287),('OL4',395200,405100,53.54228,-2.07244,'Oldham',287),('OL5',397500,402300,53.51712,-2.03771,'Mossley',319),('OL6',394300,399700,53.49372,-2.08593,'Ashton-under-Lyne',319),('OL7',393000,399300,53.49011,-2.10552,'Ashton-under-Lyne',319),('OL8',392300,403300,53.52606,-2.11616,'Oldham',287),('OL9',390600,404800,53.53952,-2.14186,'Oldham',287),('OX1',451100,205400,51.74451,-1.25978,'Oxford',288),('OX10',460500,190300,51.60781,-1.12625,'Wallingford',288),('OX11',452200,189300,51.59965,-1.24626,'Didcot',288),('OX12',439800,188600,51.59437,-1.42537,'Wantage',288),('OX13',445100,198000,51.67849,-1.34765,'Marcham',288),('OX14',450100,196800,51.66728,-1.27550,'Culham',288),('OX15',440700,237300,52.03219,-1.40666,'Tadmarton',288),('OX16',445200,240700,52.06241,-1.34061,'Banbury',288),('OX17',448700,241900,52.07291,-1.28938,'Middleton Cheney',283),('OX18',428200,207200,51.76232,-1.59134,'Carterton',288),('OX2',449900,207600,51.76440,-1.27685,'Oxford',288),('OX20',444200,217800,51.85659,-1.35814,'Woodstock',288),('OX25',454200,222800,51.90067,-1.21216,'Chesterton',288),('OX26',458400,222900,51.90114,-1.15109,'Bicester',288),('OX27',458600,226900,51.93709,-1.14751,'Fringford',288),('OX28',435400,209800,51.78529,-1.48675,'Witney',288),('OX29',439200,210800,51.79403,-1.43154,'Eynsham',288),('OX3',454200,207300,51.76131,-1.21458,'Oxford',288),('OX33',458900,207000,51.75813,-1.14653,'Holton',288),('OX39',475100,200800,51.70045,-0.91317,'Chinnor',288),('OX4',454200,203800,51.72984,-1.21513,'Oxford',288),('OX44',460100,200600,51.70046,-1.13025,'Cuddesdon',288),('OX49',469200,195100,51.64996,-0.99967,'Watlington',288),('OX5',449600,214800,51.82917,-1.28016,'Kidlington',288),('OX6',457300,223700,51.90845,-1.16695,'Bicester',288),('OX7',432500,223800,51.91135,-1.52747,'Chadlington',288),('OX8',437600,210300,51.78964,-1.45480,'South Leigh',288),('OX9',470300,204900,51.73794,-0.98180,'Thame',288),('PA1',248700,663900,55.84457,-4.41674,'Paisley',394),('PA10',240200,663000,55.83375,-4.55184,'Kilbarchan',394),('PA11',238400,665600,55.85649,-4.58210,'Ranfurly',394),('PA12',235600,658900,55.79540,-4.62273,'Lochwinnoch',394),('PA13',235600,669700,55.89235,-4.62927,'Kilmacolm',385),('PA14',233600,673700,55.92757,-4.66368,'Greenock',385),('PA15',228400,675600,55.94279,-4.74802,'Greenock',385),('PA16',225400,675800,55.94351,-4.79613,'Greenock',385),('PA17',219700,667300,55.86512,-4.88162,'Skelmorlie',389),('PA18',219500,670000,55.88928,-4.88661,'Wemyss Bay',385),('PA19',223800,676900,55.95280,-4.82244,'Greenock',385),('PA2',247600,662200,55.82896,-4.43334,'Paisley',394),('PA20',208600,664400,55.83482,-5.05670,'Rothesay',371),('PA21',197000,672400,55.90186,-5.24762,'Tighnabruaich',371),('PA22',203000,679800,55.97074,-5.15720,'Argyll and Bute',371),('PA23',217000,677400,55.95474,-4.93154,'Port Riddell',371),('PA24',219600,699800,56.15675,-4.90504,'Lochgoilhead',371),('PA25',211500,706700,56.21553,-5.04017,'Argyll and Bute',371),('PA26',218100,711100,56.25758,-4.93690,'Cairndow',371),('PA27',208500,700000,56.15422,-5.08365,'Strachur',371),('PA28',172100,621700,55.43603,-5.60305,'Argyll and Bute',371),('PA29',182100,662300,55.80476,-5.47741,'Argyll and Bute',371),('PA3',246800,664800,55.85205,-4.44757,'Paisley',394),('PA30',185100,685400,56.01330,-5.44799,'Ardrishaig',371),('PA31',184400,689800,56.05245,-5.46273,'Argyll and Bute',371),('PA32',206700,705500,56.20284,-5.11658,'Argyll and Bute',371),('PA33',211300,723900,56.36978,-5.05569,'Argyll and Bute',371),('PA34',184100,728800,56.40210,-5.49931,'Argyll and Bute',371),('PA35',201100,728300,56.40507,-5.22391,'Argyll and Bute',371),('PA36',229600,739900,56.52032,-4.77019,'Bridge of Orchy',371),('PA37',191400,735800,56.46816,-5.38681,'Argyll and Bute',371),('PA38',195300,749400,56.59186,-5.33433,'Argyll and Bute',371),('PA4',250100,667200,55.87464,-4.39623,'Renfrew',394),('PA41',164800,648700,55.67470,-5.74115,'Argyll and Bute',371),('PA42',136600,646400,55.63962,-6.18624,'Port Ellen',371),('PA43',131300,659700,55.75590,-6.28324,'Bowmore',371),('PA44',131000,664400,55.79785,-6.29265,'Blackrock',371),('PA45',139100,666300,55.81932,-6.16560,'Ballygrant',371),('PA46',142300,670900,55.86226,-6.11902,'Port Askaig',371),('PA47',117000,652400,55.68236,-6.50288,'Portnahaven',371),('PA48',124900,658100,55.73797,-6.38332,'Port Charlotte',371),('PA49',124600,663100,55.78260,-6.39313,'Argyll and Bute',371),('PA5',242900,662600,55.83105,-4.50854,'Johnstone',394),('PA6',241400,666300,55.86377,-4.53462,'Renfrewshire',394),('PA60',155300,672100,55.87979,-5.91287,'Argyll and Bute',371),('PA61',138600,694500,56.07177,-6.20088,'Scalasaig',371),('PA62',162200,725200,56.35932,-5.85014,'Argyll and Bute',371),('PA63',170700,727300,56.38234,-5.71469,'Argyll and Bute',371),('PA64',173500,733400,56.43838,-5.67471,'Lochdon',371),('PA65',170400,737000,56.46916,-5.72805,'Argyll and Bute',371),('PA66',130900,723700,56.32913,-6.35382,'Argyll and Bute',371),('PA67',138300,721500,56.31356,-6.23228,'Bunessan',371),('PA68',144700,734800,56.43624,-6.14202,'Argyll and Bute',371),('PA69',147600,728400,56.38044,-6.08894,'Argyll and Bute',371),('PA7',243800,671300,55.90944,-4.49919,'Bishopton',394),('PA70',150900,726400,56.36426,-6.03373,'Argyll and Bute',371),('PA71',154900,739200,56.48108,-5.98112,'Argyll and Bute',371),('PA72',156200,743200,56.51761,-5.96381,'Argyll and Bute',371),('PA73',142600,741700,56.49693,-6.18279,'Argyll and Bute',371),('PA74',140000,745900,56.53313,-6.22911,'Argyll and Bute',371),('PA75',147100,754300,56.61228,-6.12216,'Argyll and Bute',371),('PA76',128500,724400,56.33403,-6.39324,'Argyll and Bute',371),('PA77',99500,744300,56.49469,-6.88350,'Crossapol',371),('PA78',121300,757300,56.62454,-6.54449,'Argyll and Bute',371),('PA8',246700,670300,55.90140,-4.45228,'Renfrewshire',394),('PA9',240100,660300,55.80948,-4.55184,'Howwood',394),('PE1',519300,300300,52.58704,-0.23885,'Peterborough',289),('PE10',509500,321200,52.77693,-0.37650,'Bourne',269),('PE11',523600,324900,52.80714,-0.16616,'Pinchbeck',269),('PE12',536800,322600,52.78328,0.02860,'Fleet',269),('PE13',544600,310100,52.66895,0.13868,'Wisbech',228),('PE14',549600,306900,52.63884,0.21112,'Emneth',277),('PE15',541500,295200,52.53589,0.08649,'March',228),('PE16',539300,286000,52.45379,0.05022,'Chatteris',228),('PE19',518900,261900,52.24203,-0.25840,'St Neots',228),('PE2',517700,297300,52.56043,-0.26352,'Peterborough',289),('PE20',527600,338900,52.93200,-0.10136,'Swineshead',269),('PE21',532800,343800,52.97477,-0.02203,'Boston',269),('PE22',537100,352100,53.04826,0.04550,'Old Leake',269),('PE23',539800,366000,53.17244,0.09181,'Spilsby',269),('PE24',551600,365600,53.16561,0.26804,'Burgh Le Marsh',269),('PE25',556200,364300,53.15261,0.33616,'Skegness',269),('PE26',528200,285600,52.45292,-0.11320,'Ramsey',228),('PE27',531100,272400,52.33361,-0.07572,'St Ives',228),('PE28',523500,274900,52.35784,-0.18629,'The Stukeleys',228),('PE29',524100,272200,52.33345,-0.17848,'Huntingdon',228),('PE3',516800,300300,52.58758,-0.27573,'Peterborough',289),('PE30',563200,320800,52.75978,0.41884,'King\'s Lynn',277),('PE31',572700,334000,52.87538,0.56647,'Snettisham',277),('PE32',577400,318000,52.73016,0.62756,'West Acre',277),('PE33',567000,308500,52.64814,0.46886,'Shouldham',277),('PE34',558000,316700,52.72450,0.33986,'Wiggenhall St Germans',277),('PE35',569200,328300,52.82530,0.51155,'Sandringham',277),('PE36',568500,340600,52.93600,0.50754,'Old Hunstanton',277),('PE37',582200,308600,52.64414,0.69336,'Swaffham',277),('PE38',561000,301800,52.58977,0.37698,'Denver',277),('PE4',517400,303100,52.61262,-0.26589,'Peterborough',289),('PE5',512200,299200,52.57867,-0.34398,'Ailsworth',289),('PE6',518000,307900,52.65562,-0.25531,'Deeping St James',269),('PE7',522200,295000,52.53877,-0.19801,'Farcet',228),('PE8',505700,293300,52.52694,-0.44176,'Tansor',283),('PE9',502800,307400,52.65422,-0.48012,'Stamford',269),('PH19',262800,784800,56.93428,-4.25500,'Dalwhinnie',384),('PH20',269300,797900,57.05377,-4.15504,'Highland',384),('PH21',277500,801500,57.08834,-4.02169,'Highland',384),('PH22',290900,813400,57.19857,-3.80587,'Aviemore',384),('PH23',291500,823300,57.28761,-3.80028,'Highland',384),('PH24',294500,819500,57.25419,-3.74891,'Boat Of Garten',384),('PH25',300700,820200,57.26187,-3.64646,'Nethy Bridge',384),('PH26',303400,827700,57.32980,-3.60464,'Grantown-on-Spey',384),('PH30',241200,769700,56.79185,-4.60020,'Highland',384),('PH31',228500,781400,56.89234,-4.81575,'Highland',384),('PH32',237700,809100,57.14424,-4.68275,'Fort Augustus',384),('PH33',210100,774300,56.82148,-5.11207,'Fort William',384),('PH34',221900,785400,56.92574,-4.92676,'Highland',384),('PH35',222400,802100,57.07578,-4.93032,'Highland',384),('PH36',163500,765500,56.72124,-5.86584,'Kentra',384),('PH38',171500,778900,56.84536,-5.74736,'Highland',384),('PH39',166200,786700,56.91265,-5.84124,'Arisaig',384),('PH40',169900,792200,56.96381,-5.78560,'Highland',384),('PH41',167300,796800,57.00374,-5.83251,'Mallaig',384),('PH42',147900,786600,56.90217,-6.14094,'Isle Of Eigg',384),('PH43',140200,799700,57.01529,-6.28049,'Isle Of Rum',386),('PH44',127000,805200,57.05693,-6.50319,'Isle Of Canna',384),('PH49',209500,758000,56.67500,-5.10977,'Glencoe',384),('PH50',218600,762000,56.71451,-4.96427,'Kinlochleven',384),('PL1',246900,54600,50.37074,-4.15317,'Plymouth',290),('PL10',242700,51900,50.34537,-4.21106,'Rame',235),('PL11',240000,55000,50.37250,-4.25030,'Antony',235),('PL12',240300,60200,50.41932,-4.24830,'Saltash',235),('PL13',224000,53800,50.35715,-4.47456,'Looe',235),('PL14',225100,65600,50.46351,-4.46460,'Liskeard',235),('PL15',230300,84200,50.63218,-4.39987,'South Petherwin',235),('PL16',239700,85400,50.64562,-4.26757,'Lifton',243),('PL17',236600,71100,50.51625,-4.30510,'Callington',235),('PL18',242700,70800,50.51523,-4.21899,'Calstock',235),('PL19',247400,75200,50.55602,-4.15454,'Tavistock',243),('PL2',246300,56600,50.38856,-4.16242,'Plymouth',290),('PL20',251100,69000,50.50125,-4.09986,'Horrabridge',243),('PL21',263700,55800,50.38566,-3.91748,'Ivybridge',243),('PL22',211600,59300,50.40273,-4.65146,'Lostwithiel',235),('PL23',212500,51900,50.33653,-4.63513,'Fowey',235),('PL24',207300,54100,50.35461,-4.70925,'St Blaise',235),('PL25',202300,52700,50.34038,-4.77872,'St Austell',235),('PL26',199000,53000,50.34196,-4.82520,'St Mewan',235),('PL27',196300,73200,50.52248,-4.87408,'St Breock',235),('PL28',189800,74700,50.53366,-4.96651,'Padstow',235),('PL29',199700,80100,50.58564,-4.82988,'St Endellion',235),('PL3',248900,56400,50.38744,-4.12578,'Plymouth',290),('PL30',206600,70300,50.49992,-4.72743,'Helland',235),('PL31',206900,66800,50.46858,-4.72140,'Bodmin',235),('PL32',211900,84900,50.63282,-4.66015,'Camelford',235),('PL33',206900,83800,50.62130,-4.73021,'St Teath',235),('PL34',206200,88100,50.65970,-4.74234,'Tintagel',235),('PL35',210400,90700,50.68444,-4.68431,'Forrabury and Minster',235),('PL4',248700,55000,50.37480,-4.12803,'Plymouth',290),('PL5',246100,59000,50.41008,-4.16621,'Plymouth',290),('PL6',249700,59700,50.41730,-4.11586,'Plymouth',290),('PL7',254700,56700,50.39160,-4.04436,'Plympton',290),('PL8',256800,50400,50.33548,-4.01243,'Yealmpton',243),('PL9',251500,52600,50.35394,-4.08773,'Plymstock',290),('PO1',464300,100400,50.79903,-1.08749,'Portsmouth',292),('PO10',475400,106300,50.85074,-0.92878,'Hermitage',329),('PO11',472200,99700,50.79180,-0.97553,'South Hayling',256),('PO12',460500,100200,50.79764,-1.14144,'Gosport',256),('PO13',457900,101800,50.81229,-1.17808,'Gosport',256),('PO14',455000,104500,50.83685,-1.21884,'Hampshire',256),('PO15',455000,107300,50.86203,-1.21842,'Hampshire',256),('PO16',459200,106000,50.84993,-1.15895,'Hampshire',256),('PO17',458500,110400,50.88957,-1.16819,'Wickham',256),('PO18',483400,107900,50.86403,-0.81478,'Funtington',329),('PO19',486100,105000,50.83756,-0.77710,'Chichester',329),('PO2',465000,102300,50.81603,-1.07722,'Portsmouth',292),('PO20',485600,98900,50.78278,-0.78563,'Sidlesham',329),('PO21',491900,99100,50.78362,-0.69622,'Aldwick',329),('PO22',495300,100800,50.79835,-0.64756,'Felpham',329),('PO3',466300,102300,50.81589,-1.05877,'Portsmouth',292),('PO30',448500,88200,50.69085,-1.31330,'Newport',260),('PO31',449000,95100,50.75286,-1.30531,'Cowes',260),('PO32',450800,94900,50.75091,-1.27982,'Newport',260),('PO33',458600,91700,50.72139,-1.16976,'Newport',260),('PO34',462700,91100,50.71557,-1.11178,'Nettlestone',260),('PO35',464700,87900,50.68657,-1.08401,'Bembridge',260),('PO36',459200,84600,50.65748,-1.16240,'Sandown',260),('PO37',458200,81700,50.63151,-1.17700,'Shanklin',260),('PO38',453700,78600,50.60406,-1.24108,'Ventnor',260),('PO39',432600,86900,50.68027,-1.53853,'Totland',260),('PO4',466100,99400,50.78983,-1.06213,'Portsmouth',292),('PO40',433900,87100,50.68199,-1.52011,'Freshwater',260),('PO41',436900,89100,50.69979,-1.47744,'Yarmouth',260),('PO5',464500,99200,50.78821,-1.08486,'Portsmouth',292),('PO6',465600,105600,50.84564,-1.06811,'Portsmouth',292),('PO7',467700,109700,50.88227,-1.03753,'Southwick',256),('PO8',469400,112900,50.91084,-1.01275,'Horndean',256),('PO9',471600,107600,50.86291,-0.98250,'Havant',256),('PR1',353800,429300,53.75779,-2.70082,'Preston',265),('PR2',353400,431500,53.77753,-2.70722,'Preston',265),('PR25',354300,422200,53.69402,-2.69219,'Leyland',265),('PR26',351100,421500,53.68743,-2.74054,'Leyland',265),('PR3',352900,441600,53.86826,-2.71636,'Claughton',265),('PR4',345100,428900,53.75335,-2.83271,'Freckleton',265),('PR5',356700,426300,53.73107,-2.65641,'Bamber Bridge',265),('PR6',359700,419200,53.66749,-2.61001,'Chorley',265),('PR7',356900,416700,53.64480,-2.65205,'Chorley',265),('PR8',333200,414900,53.62613,-3.01016,'Southport',300),('PR9',336000,418600,53.65974,-2.96859,'Southport',300),('RG1',471600,173300,51.45366,-0.96942,'Reading',293),('RG10',479000,176400,51.48055,-0.86224,'Twyford',334),('RG12',487000,168300,51.40655,-0.74904,'Bracknell',221),('RG14',447200,167000,51.39957,-1.32143,'Newbury',328),('RG17',435600,171400,51.43998,-1.48775,'Hungerford',328),('RG18',452700,170800,51.43326,-1.24180,'Bucklebury',328),('RG19',452800,166400,51.39368,-1.24102,'Thatcham',328),('RG2',472700,170300,51.42655,-0.95421,'Reading',293),('RG20',446200,167400,51.40325,-1.33575,'Newbury',328),('RG21',463500,152300,51.26580,-1.08974,'Basingstoke',256),('RG22',461300,150500,51.24986,-1.12159,'Basingstoke',256),('RG23',459600,151700,51.26083,-1.14574,'Basingstoke',256),('RG24',464800,154000,51.28094,-1.07080,'Basingstoke',256),('RG25',458500,148000,51.22767,-1.16211,'Dummer',256),('RG26',461400,161600,51.34966,-1.11824,'Pamber',256),('RG27',473800,156200,51.29963,-0.94132,'Hook',256),('RG28',446500,148500,51.23327,-1.33391,'Whitchurch',256),('RG29',473600,150400,51.24751,-0.94538,'Odiham',256),('RG30',468600,173000,51.45133,-1.01265,'Reading',293),('RG31',466600,173500,51.45607,-1.04134,'Reading',293),('RG4',471600,176300,51.48063,-0.96882,'Reading',293),('RG40',481100,167400,51.39933,-0.83406,'Wokingham',334),('RG41',479500,169200,51.41574,-0.85666,'Wokingham',334),('RG42',486600,170600,51.42729,-0.75423,'Warfield',221),('RG45',483500,164700,51.37471,-0.80020,'Wokingham Without',334),('RG5',476000,173200,51.45219,-0.90612,'Woodley',334),('RG6',474300,171700,51.43893,-0.93090,'Earley',334),('RG7',464200,167000,51.39790,-1.07706,'Sulhamstead',328),('RG8',462100,178900,51.50513,-1.10516,'Whitchurch-on-Thames',288),('RG9',474700,183400,51.54407,-0.92267,'Rotherfield Greys',288),('RH1',528700,150300,51.23683,-0.15623,'Reigate and Banstead',317),('RH10',528900,137000,51.11724,-0.15813,'Crawley',329),('RH11',525600,136200,51.11079,-0.20554,'Crawley',329),('RH12',516800,132100,51.07579,-0.33254,'Horsham',329),('RH13',517400,127800,51.03701,-0.32537,'Southwater',329),('RH14',506400,127000,51.03197,-0.48245,'Wisborough Green',329),('RH15',531100,119200,50.95675,-0.13316,'Burgess Hill',329),('RH16',533500,124300,51.00204,-0.09713,'Haywards Heath',329),('RH17',532200,126400,51.02122,-0.11488,'Cuckfield Rural',329),('RH18',542200,135100,51.09702,0.03104,'Forest Row',248),('RH19',539100,138100,51.12474,-0.01205,'East Grinstead',329),('RH2',525500,150000,51.23485,-0.20215,'Reigate and Banstead',317),('RH20',507500,116400,50.93647,-0.46990,'Storrington',329),('RH3',520100,149600,51.23242,-0.27960,'Brockham',317),('RH4',516300,149100,51.22871,-0.33418,'Dorking',317),('RH5',515900,145300,51.19463,-0.34113,'Capel',317),('RH6',528500,143000,51.17126,-0.16170,'Horley',317),('RH7',538700,143600,51.17427,-0.01564,'Lingfield',317),('RH8',539800,152200,51.25130,0.00344,'Limpsfield',317),('RH9',534800,150300,51.23543,-0.06889,'Godstone',317),('RM1',551300,189300,51.58175,0.18395,'Romford',253),('RM10',549700,185100,51.54443,0.15909,'Barking',253),('RM11',553800,188000,51.56939,0.21944,'Romford',253),('RM12',553100,186100,51.55251,0.20852,'Romford',253),('RM13',552300,182900,51.52397,0.19561,'Romford',253),('RM14',557000,186600,51.55593,0.26496,'Romford',253),('RM15',558100,181300,51.50800,0.27843,'Thurrock',321),('RM16',562500,179600,51.49148,0.34100,'Thurrock',321),('RM17',561800,178200,51.47910,0.33029,'Thurrock',321),('RM18',565100,176900,51.46646,0.37716,'Thurrock',321),('RM19',556100,178400,51.48250,0.24835,'Thurrock',321),('RM2',552600,189500,51.58320,0.20279,'Romford',253),('RM20',558900,178000,51.47812,0.28847,'Thurrock',321),('RM3',554200,191600,51.60163,0.22679,'Romford',253),('RM4',549500,194900,51.63255,0.16038,'Stapleford Abbotts',249),('RM5',550000,191200,51.59917,0.16602,'Romford',253),('RM6',547800,188500,51.57549,0.13313,'Barking',253),('RM7',550400,188500,51.57480,0.17063,'Romford',253),('RM8',547800,186400,51.55662,0.13225,'Barking',253),('RM9',548100,184600,51.54036,0.13582,'Barking',253),('S1',435400,387200,53.38020,-1.46777,'Norton',301),('S10',432100,386800,53.37681,-1.51742,'Norton',301),('S11',432900,385100,53.36148,-1.50557,'Norton',301),('S12',439600,383700,53.34844,-1.40507,'Norton',301),('S13',441100,385500,53.36451,-1.38230,'Norton',301),('S14',437100,383400,53.34592,-1.44266,'Norton',301),('S17',431600,380600,53.32111,-1.52556,'Norton',301),('S18',435200,378200,53.29931,-1.47178,'Dronfield',242),('S2',436800,386000,53.36932,-1.44686,'Norton',301),('S20',443200,382200,53.33467,-1.35119,'Norton',301),('S21',444100,379700,53.31213,-1.33802,'Eckington',242),('S25',452300,386100,53.36891,-1.21389,'Dinnington',296),('S26',447500,384700,53.35678,-1.28624,'Todwick',296),('S3',435100,388000,53.38741,-1.47219,'Norton',301),('S32',424100,377600,53.29454,-1.63839,'Grindleford',242),('S33',418600,382800,53.34150,-1.72061,'Aston',242),('S35',433500,395800,53.45763,-1.49542,'Ecclesfield',301),('S36',425700,400800,53.50302,-1.61249,'Hunshelf',213),('S4',436600,389300,53.39900,-1.44949,'Norton',301),('S40',437000,370900,53.23356,-1.44562,'Chesterfield',242),('S41',438200,372400,53.24696,-1.42746,'Chesterfield',242),('S42',438600,367200,53.20019,-1.42209,'Wingerworth',242),('S43',443900,374700,53.26720,-1.34172,'Staveley',242),('S44',445900,370000,53.22478,-1.31241,'Bolsover',242),('S45',438700,363400,53.16602,-1.42106,'Clay Cross',242),('S5',435800,391800,53.42152,-1.46124,'Norton',301),('S6',432600,389600,53.40195,-1.50962,'Norton',301),('S60',443400,391000,53.41376,-1.34698,'Rotherham',296),('S61',440300,394300,53.44367,-1.39320,'Rotherham',296),('S62',443400,396700,53.46500,-1.34619,'Rawmarsh',296),('S63',444500,402600,53.51794,-1.32879,'Barnsley',213),('S64',446500,399600,53.49080,-1.29907,'Rotherham',296),('S65',445200,393400,53.43518,-1.31955,'Rotherham',296),('S66',450400,391800,53.42033,-1.24153,'Bramley',296),('S7',434000,384300,53.35422,-1.48913,'Norton',301),('S70',434900,405100,53.54114,-1.47330,'Barnsley',213),('S71',436000,408700,53.57342,-1.45629,'Barnsley',213),('S72',440300,409300,53.57851,-1.39127,'Brierley',213),('S73',440200,403300,53.52458,-1.39355,'Darfield',213),('S74',437200,400600,53.50053,-1.43913,'Hoyland',213),('S75',431800,407400,53.56201,-1.51985,'Barnsley',213),('S8',434900,382700,53.33978,-1.47578,'Norton',301),('S80',456700,377600,53.29205,-1.14928,'Clumber and Hardwick',286),('S81',458500,382700,53.33770,-1.12134,'Carlton in Lindrick',286),('S9',438800,389200,53.39794,-1.41641,'Norton',301),('SA1',265800,193900,51.62742,-3.93905,'Landore',419),('SA14',254500,205900,51.73245,-4.10721,'Llannon',406),('SA15',250300,202400,51.69989,-4.16648,'Llanelli Rural',406),('SA16',244100,201400,51.68922,-4.25569,'Cefn Sidan',406),('SA17',242300,209100,51.75790,-4.28520,'Kidwelly',406),('SA18',265000,212900,51.79798,-3.95796,'Betws',406),('SA19',266200,230100,51.95284,-3.94723,'Talley',406),('SA2',262000,193200,51.62021,-3.99364,'Sketty',419),('SA20',277400,236200,52.01025,-3.78651,'Llandovery',406),('SA3',257900,188800,51.57965,-4.05105,'Bishopston',419),('SA31',241100,220100,51.85639,-4.30762,'Carmarthen',406),('SA32',250600,223100,51.88597,-4.17106,'Llanegwad',406),('SA33',232300,219700,51.85022,-4.43510,'Meidrim',406),('SA34',219700,220400,51.85258,-4.61822,'Llanfallteg',406),('SA35',224200,233700,51.97349,-4.55974,'Clydau',416),('SA36',220900,232000,51.95717,-4.60684,'Crymych',416),('SA37',222100,238600,52.01684,-4.59282,'Boncath',416),('SA38',230400,240900,52.04010,-4.47312,'Newcastle Emlyn',406),('SA39',246200,238100,52.01955,-4.24166,'Llanfihangel-Ar-Arth',406),('SA4',258400,198900,51.67054,-4.04792,'Gorseinon',419),('SA40',251100,245100,52.08378,-4.17335,'Llanwenog',407),('SA41',214200,236700,51.99718,-4.70679,'Eglwyswrw',416),('SA42',204300,239100,52.01534,-4.85220,'Newport',416),('SA43',219900,246400,52.08619,-4.62896,'Llangoedmor',407),('SA44',237500,245800,52.08625,-4.37201,'Troedyraur',407),('SA45',238900,259300,52.20794,-4.35800,'New Quay',407),('SA46',246400,261800,52.23254,-4.24945,'Aberaeron',407),('SA47',243100,257200,52.19028,-4.29561,'Llanarth',407),('SA48',255600,251600,52.14338,-4.11048,'Llangybi',407),('SA5',263800,196300,51.64851,-3.96886,'Penderry',419),('SA6',267200,199200,51.67539,-3.92084,'Morriston',419),('SA61',195000,215400,51.79916,-4.97345,'Haverfordwest',416),('SA62',189000,220300,51.84093,-5.06333,'Nolton',416),('SA63',203600,223400,51.87409,-4.85342,'Wiston',416),('SA64',193300,238000,52.00147,-5.01162,'Pencaer',416),('SA65',196200,236400,51.98818,-4.96848,'Fishguard',416),('SA66',211200,223900,51.88121,-4.74342,'Maenclochog',416),('SA67',211600,212800,51.78165,-4.73157,'Narberth',416),('SA68',209000,207000,51.72867,-4.76603,'Jeffreyston',416),('SA69',213100,204800,51.71029,-4.70555,'Saundersfoot',416),('SA7',269300,197600,51.66150,-3.88989,'Llansamlet',419),('SA70',210700,200600,51.67176,-4.73797,'Penally',416),('SA71',197500,200600,51.66716,-4.92863,'Pembroke',416),('SA72',197200,203300,51.69130,-4.93453,'Pembroke Dock',416),('SA73',192000,206300,51.71634,-5.01146,'Milford Haven',416),('SA9',278100,210700,51.78122,-3.76729,'Ystradgynlais',417),('SE1',532600,179500,51.49838,-0.08949,'Camberwell',253),('SE10',538800,177800,51.48162,-0.00089,'Greenwich',253),('SE11',531300,178400,51.48880,-0.10862,'Lambeth',253),('SE12',540700,173700,51.44430,0.02483,'Greenwich',253),('SE13',538300,175200,51.45837,-0.00910,'Lewisham',253),('SE14',536000,177000,51.47511,-0.04150,'Lewisham',253),('SE15',534400,176600,51.47189,-0.06468,'Camberwell',253),('SE16',535200,179300,51.49597,-0.05213,'Camberwell',253),('SE17',532400,178300,51.48764,-0.09282,'Camberwell',253),('SE18',544000,178200,51.48391,0.07412,'Eltham',253),('SE19',533200,170500,51.41735,-0.08424,'Croydon',253),('SE2',547000,178900,51.48943,0.11759,'Eltham',253),('SE20',535100,169900,51.41151,-0.05716,'Bromley',253),('SE21',533000,172800,51.43807,-0.08626,'Camberwell',253),('SE22',534000,174600,51.45401,-0.07119,'Camberwell',253),('SE23',535600,173100,51.44015,-0.04875,'Lewisham',253),('SE24',532100,174600,51.45446,-0.09853,'Camberwell',253),('SE25',533900,168300,51.39742,-0.07501,'Croydon',253),('SE26',535300,171600,51.42674,-0.05364,'Lewisham',253),('SE27',532000,171900,51.43022,-0.10097,'Lambeth',253),('SE28',546300,180300,51.50219,0.10809,'Eltham',253),('SE3',540300,176400,51.46866,0.02015,'Greenwich',253),('SE4',536600,175400,51.46058,-0.03348,'Lewisham',253),('SE5',532600,176700,51.47322,-0.09055,'Camberwell',253),('SE6',538000,172900,51.43777,-0.01432,'Lewisham',253),('SE7',541300,178100,51.48369,0.03521,'Greenwich',253),('SE8',536900,177700,51.48118,-0.02828,'Lewisham',253),('SE9',542900,173800,51.44465,0.05651,'Eltham',253),('SG1',524200,225200,51.91103,-0.19417,'Stevenage',259),('SG10',542700,218300,51.84460,0.07178,'Much Hadham',259),('SG11',539900,222300,51.88125,0.03278,'Standon',259),('SG12',536700,214700,51.81375,-0.01669,'Ware',259),('SG13',533200,211600,51.78673,-0.06863,'Hertford',258),('SG14',531600,213800,51.80688,-0.09098,'Hertford',258),('SG2',526200,223600,51.89620,-0.16569,'Stevenage',259),('SG3',525300,219600,51.86046,-0.18022,'Knebworth',259),('SG4',519700,226200,51.92100,-0.25922,'Ippollitts',259),('SG5',517700,231300,51.96727,-0.28654,'Ickleford',259),('SG6',522200,232700,51.97888,-0.22057,'Hitchin',259),('SG7',525300,235500,52.00335,-0.17443,'Bygrave',259),('SG8',536200,242500,52.06369,-0.01293,'Melbourn',228),('SG9',536900,229400,51.94580,-0.00796,'Buntingford',259),('SK1',390000,390100,53.40736,-2.15044,'Stockport',312),('SK10',391400,375700,53.27793,-2.12899,'Macclesfield',230),('SK11',390500,372200,53.24646,-2.14238,'Macclesfield',230),('SK12',393900,383900,53.35169,-2.09165,'Poynton',230),('SK13',402400,394600,53.44790,-1.96386,'Glossop',242),('SK14',396400,395000,53.45149,-2.05422,'Ashton-under-Lyne',319),('SK15',396900,398900,53.48655,-2.04672,'Tameside',319),('SK16',394600,397500,53.47395,-2.08137,'Ashton-under-Lyne',319),('SK17',408100,371900,53.24378,-1.87861,'King Sterndale',242),('SK2',391200,388700,53.39480,-2.13235,'Stockport',312),('SK22',401000,386200,53.37240,-1.98497,'New Mills',242),('SK23',403400,381200,53.32744,-1.94895,'Chapel-en-le-Frith',242),('SK3',388700,389100,53.39835,-2.16996,'Stockport',312),('SK4',388100,391400,53.41901,-2.17908,'Stockport',312),('SK5',389900,393100,53.43433,-2.15204,'Stockport',312),('SK6',394700,389900,53.40563,-2.07973,'Stockport',312),('SK7',390600,385900,53.36962,-2.14129,'Cheadle',312),('SK8',386200,387000,53.37941,-2.20748,'Stockport',312),('SK9',384700,381200,53.32723,-2.22975,'Macclesfield',230),('SL0',503100,181700,51.52431,-0.51371,'Iver',225),('SL1',495800,180800,51.51751,-0.61916,'Colnbrook with Poyle',303),('SL2',496900,182600,51.53350,-0.60281,'Colnbrook with Poyle',303),('SL3',500500,178900,51.49961,-0.55198,'Colnbrook with Poyle',303),('SL7',484800,186900,51.57411,-0.77620,'Marlow',225),('SL8',489600,187400,51.57786,-0.70682,'Wooburn',225),('SL9',500100,189700,51.59677,-0.55467,'Chalfont St Peter',225),('SM1',525900,164600,51.36599,-0.19127,'Sutton',253),('SM2',525600,163100,51.35258,-0.19611,'Sutton',253),('SM3',524400,165000,51.36992,-0.21267,'Sutton',253),('SM4',525300,167500,51.39219,-0.19886,'Merton',253),('SM5',527600,164800,51.36741,-0.16679,'Sutton',253),('SM6',529300,164000,51.35984,-0.14267,'Sutton',253),('SM7',525400,159800,51.32296,-0.20014,'Reigate and Banstead',317),('SN1',415700,184300,51.55689,-1.77351,'Swindon',318),('SN10',400900,159700,51.33589,-1.98708,'Roundway',331),('SN11',400100,171200,51.43931,-1.99856,'Calne',331),('SN12',390500,163700,51.37178,-2.13649,'Melksham',331),('SN13',385400,169500,51.42383,-2.21001,'Corsham',331),('SN14',386500,175200,51.47511,-2.19440,'Yatton Keynell',331),('SN15',394500,174900,51.47255,-2.07920,'Bremhill',331),('SN16',393800,188300,51.59304,-2.08951,'Malmesbury',331),('SN2',415100,186800,51.57939,-1.78206,'Swindon',318),('SN25',414100,188100,51.59110,-1.79644,'Haydon Wick',318),('SN26',415000,190300,51.61086,-1.78335,'Blunsdon St Andrew',318),('SN3',417800,184800,51.56132,-1.74319,'Swindon',318),('SN4',412500,181400,51.53089,-1.81978,'Wroughton',318),('SN5',411300,185200,51.56509,-1.83696,'Swindon',318),('SN6',417900,191400,51.62067,-1.74141,'Stanton Fitzwarren',318),('SN7',430200,194600,51.64892,-1.56345,'Shellingford',288),('SN8',421900,167700,51.40741,-1.68510,'Savernake',331),('SN9',414900,158400,51.32400,-1.78614,'Manningford',331),('SO14',442500,112300,50.90805,-1.39546,'Southampton',308),('SO15',440500,113200,50.91629,-1.42381,'Southampton',308),('SO16',440000,115300,50.93521,-1.43069,'9 Arcadia Close',308),('SO17',442600,114300,50.92603,-1.39380,'Southampton',308),('SO18',445000,114100,50.92405,-1.35968,'Southampton',308),('SO19',445400,111700,50.90244,-1.35429,'Southampton',308),('SO20',434700,135100,51.11361,-1.50422,'Longstock',256),('SO21',448100,130900,51.07488,-1.31334,'Winchester',256),('SO22',446800,129800,51.06509,-1.33204,'Winchester',256),('SO23',448500,130100,51.06765,-1.30774,'Winchester',256),('SO24',459800,132000,51.08367,-1.14615,'Bishops Sutton',256),('SO30',448800,113600,50.91924,-1.30568,'Hedge End',256),('SO31',449600,108000,50.86882,-1.29506,'Locks Heath',256),('SO32',455600,116800,50.94740,-1.20845,'Bishops Waltham',256),('SO40',435100,113000,50.91484,-1.50065,'Totton',256),('SO41',430700,95200,50.75502,-1.56473,'Lymington',256),('SO42',432800,101300,50.80976,-1.53442,'Denny Lodge',256),('SO43',429300,109900,50.88729,-1.58341,'Lyndhurst',256),('SO45',442700,105600,50.84778,-1.39340,'Hythe',256),('SO50',446400,119100,50.96890,-1.33912,'Eastleigh',256),('SO51',434800,121800,50.99400,-1.50407,'Romsey',256),('SO52',439300,119900,50.97663,-1.44015,'North Baddesley',256),('SO53',443500,120800,50.98442,-1.38022,'Eastleigh',256),('SP1',414800,130600,51.07400,-1.78873,'Salisbury',331),('SP10',436100,145900,51.21065,-1.48314,'Andover',256),('SP11',434000,147700,51.22696,-1.51303,'Charlton',256),('SP2',412300,130600,51.07406,-1.82441,'Salisbury',331),('SP3',399600,133600,51.10117,-2.00571,'Dinton',331),('SP4',416500,140700,51.16479,-1.76400,'Amesbury',331),('SP5',416000,124900,51.02271,-1.77185,'Downton',331),('SP6',414000,115200,50.93553,-1.80074,'Fordingbridge',256),('SP7',387200,122800,51.00390,-2.18245,'Shaftesbury',245),('SP8',379700,126500,51.03696,-2.28956,'Gillingham',245),('SP9',423700,148000,51.23018,-1.66053,'South Tidworth',256),('SR1',439800,557100,54.90695,-1.37919,'Sunderland',316),('SR2',440000,554900,54.88716,-1.37638,'Sunderland',316),('SR3',437500,553800,54.87747,-1.41549,'Houghton-le-Spring',316),('SR4',436900,556400,54.90088,-1.42451,'Houghton-le-Spring',316),('SR5',436900,558900,54.92334,-1.42419,'Castletown',316),('SR6',439800,560200,54.93480,-1.37876,'Sunderland',316),('SR7',441000,548600,54.83046,-1.36168,'Dalton-le-Dale',236),('SR8',442800,541500,54.76650,-1.33471,'Peterlee',236),('SR9',440100,556600,54.90243,-1.37458,'Sunderland',316),('SS0',586600,186500,51.54602,0.69146,'Southend-on-Sea',309),('SS1',589500,185600,51.53697,0.73275,'Southend-on-Sea',309),('SS11',575700,193800,51.61510,0.53807,'Wickford',249),('SS12',574600,192700,51.60556,0.52164,'Wickford',249),('SS13',573900,189200,51.57433,0.50981,'Basildon',249),('SS14',571500,189200,51.57507,0.47521,'Basildon',249),('SS15',568500,189300,51.57687,0.43200,'Basildon',249),('SS16',570100,187700,51.56201,0.45430,'Basildon',249),('SS17',569300,183100,51.52093,0.44055,'Corringham',321),('SS2',588400,187000,51.54991,0.71766,'Southend-on-Sea',309),('SS3',593600,186400,51.54276,0.79224,'Southend-on-Sea',309),('SS4',588000,191900,51.59406,0.71452,'Rochford',249),('SS5',583500,193200,51.60722,0.65030,'Hockley',249),('SS6',580700,190900,51.58746,0.60872,'Rayleigh',249),('SS7',578800,188000,51.56202,0.57984,'Canvey Island',249),('SS8',579700,183600,51.52220,0.59057,'Canvey Island',249),('SS9',583900,187300,51.55409,0.65298,'Southend-on-Sea',309),('ST1',388500,347700,53.02616,-2.17148,'Stoke-on-Trent',314),('ST10',402500,343600,52.98942,-1.96275,'Cheadle',311),('ST11',395600,341100,52.96693,-2.06552,'Forsbrook',311),('ST12',388500,339000,52.94795,-2.17117,'Barlaston',311),('ST13',398800,356000,53.10090,-2.01793,'Leek',311),('ST14',408900,334000,52.90304,-1.86767,'Uttoxeter',311),('ST15',390100,333700,52.90033,-2.14719,'Stone',311),('ST16',392000,324000,52.81315,-2.11871,'Stafford',311),('ST17',393300,321300,52.78890,-2.09936,'Stafford',311),('ST18',394500,324100,52.81408,-2.08161,'Hopton',311),('ST19',390100,312800,52.71243,-2.14656,'Penkridge',311),('ST2',390900,347800,53.02711,-2.13570,'Stoke-on-Trent',314),('ST20',382300,322400,52.79854,-2.26255,'Gnosall',311),('ST21',382600,330100,52.86777,-2.25851,'Eccleshall',311),('ST3',391800,342600,52.98037,-2.12214,'Stoke-on-Trent',314),('ST4',387700,344200,52.99468,-2.18328,'Stoke-on-Trent',314),('ST5',384100,346500,53.01526,-2.23703,'Newcastle-under-Lyme',311),('ST6',387300,351200,53.05760,-2.18951,'Stoke-on-Trent',314),('ST7',382200,354600,53.08802,-2.26580,'Kidsgrove',311),('ST8',388800,357600,53.11517,-2.16735,'Biddulph',311),('ST9',393400,350400,53.05052,-2.09847,'Bagnall',311),('SW1',529200,179100,51.49558,-0.13860,'Westminster',271),('SW10',526300,177700,51.48365,-0.18086,'Kensington',253),('SW11',527500,175800,51.46630,-0.16427,'Wandsworth',253),('SW12',528700,173500,51.44536,-0.14784,'Wandsworth',253),('SW13',521900,176600,51.47473,-0.24458,'Richmond',253),('SW14',520500,175500,51.46514,-0.26511,'Richmond',253),('SW15',523300,174700,51.45734,-0.22509,'Wandsworth',253),('SW16',530200,170900,51.42165,-0.12722,'Lambeth',253),('SW17',527700,171800,51.43030,-0.16283,'Wandsworth',253),('SW18',525800,173900,51.44960,-0.18941,'Wandsworth',253),('SW19',524900,170900,51.42284,-0.20341,'Merton',253),('SW1A',529700,179900,51.50265,-0.13111,'Westminster',271),('SW1E',529200,179300,51.49737,-0.13853,'Westminster',271),('SW1H',529600,179400,51.49818,-0.13273,'Westminster',271),('SW1P',529600,179100,51.49548,-0.13284,'Westminster',271),('SW1V',529300,178500,51.49016,-0.13738,'Westminster',271),('SW1W',528600,178800,51.49302,-0.14735,'Westminster',271),('SW1X',528200,179300,51.49760,-0.15293,'Westminster',271),('SW1Y',529500,180200,51.50539,-0.13388,'Westminster',271),('SW2',530700,174000,51.44939,-0.11889,'Lambeth',253),('SW20',523400,169500,51.41058,-0.22547,'Merton',253),('SW3',527400,178400,51.48969,-0.16477,'Kensington',253),('SW4',529500,175200,51.46045,-0.13571,'Lambeth',253),('SW5',525800,178400,51.49005,-0.18781,'Kensington',253),('SW6',525000,176900,51.47675,-0.19986,'Hammersmith',253),('SW7',526700,179100,51.49614,-0.17460,'Kensington',253),('SW8',529800,176900,51.47566,-0.13077,'Lambeth',253),('SW9',531100,176200,51.46907,-0.11232,'Lambeth',253),('SY1',350000,314200,52.72280,-2.74039,'Shrewsbury',302),('SY10',324500,327100,52.83579,-3.12089,'Oswestry Rural',302),('SY11',330800,330400,52.86630,-3.02808,'Oswestry',302),('SY12',339900,334400,52.90335,-2.89364,'Ellesmere',302),('SY13',353700,339600,52.95147,-2.68921,'Whitchurch Rural',302),('SY15',323400,295900,52.55518,-3.12995,'Montgomery',417),('SY16',311000,292200,52.52004,-3.31183,'Llanllwchaiarn',417),('SY17',300600,292000,52.51644,-3.46501,'Caersws',417),('SY18',294800,283700,52.44076,-3.54784,'Llanidloes',417),('SY19',290800,298600,52.57388,-3.61156,'Llanbrynmair',417),('SY2',350800,312400,52.70669,-2.72827,'Shrewsbury',302),('SY20',276900,303400,52.61405,-3.81838,'Glantwymyn',417),('SY21',318500,307400,52.65784,-3.20505,'Castle Caereinion',417),('SY22',320000,318300,52.75604,-3.18553,'Llansantffraid',417),('SY23',260400,278000,52.38184,-4.05129,'Llanfarian',407),('SY24',262600,287800,52.47045,-4.02302,'Geneur Glyn',407),('SY25',267800,261800,52.23810,-3.93626,'Tregaron',407),('SY3',348000,311600,52.69923,-2.76959,'Shrewsbury',302),('SY4',349400,322300,52.79556,-2.75052,'Myddle',302),('SY5',344000,306500,52.65299,-2.82791,'Longden',302),('SY6',346400,293800,52.53906,-2.79038,'Church Stretton',302),('SY7',339700,281200,52.42508,-2.88688,'Hopesay',302),('SY8',352700,274400,52.36523,-2.69474,'Ludlow',302),('SY9',333100,289400,52.49803,-2.98558,'Lydham',302),('TA1',322700,124300,51.01234,-3.10203,'Taunton',305),('TA10',342200,126300,51.03262,-2.82438,'Langport',305),('TA11',350800,129300,51.06039,-2.70214,'Somerton',305),('TA12',345800,119800,50.97452,-2.77207,'Martock',305),('TA13',343100,116700,50.94638,-2.81004,'South Petherton',305),('TA14',347300,116600,50.94588,-2.75024,'Norton Sub Hamdon',305),('TA15',349600,117100,50.95058,-2.71757,'Montacute',305),('TA16',344300,112300,50.90693,-2.79229,'Merriott',305),('TA17',341300,112400,50.90753,-2.83497,'Hinton St George',305),('TA18',344700,109600,50.88269,-2.78619,'Crewkerne',305),('TA19',335800,115400,50.93392,-2.91373,'Ilminster',305),('TA2',322800,126600,51.03303,-3.10109,'Staplegrove',305),('TA20',332400,108700,50.87329,-2.96087,'Chard',305),('TA21',312600,120500,50.97673,-3.24507,'Wellington',305),('TA22',291700,128500,51.04510,-3.54509,'Dulverton',305),('TA23',305500,141200,51.16171,-3.35160,'Williton',305),('TA24',294500,143600,51.18137,-3.50957,'Wootton Courtenay',305),('TA3',327100,122200,50.99403,-3.03889,'Stoke St Mary',305),('TA4',311200,131000,51.07092,-3.26758,'Lydeard St Lawrence',305),('TA5',322800,139200,51.14633,-3.10379,'Spaxton',305),('TA6',330100,136700,51.12479,-2.99895,'Bridgwater',305),('TA7',336200,137200,51.12999,-2.91187,'Stawell',305),('TA8',330700,150000,51.24445,-2.99294,'Burnham-on-Sea',305),('TA9',333300,147900,51.22588,-2.95530,'Burnham Without',305),('TD12',385000,640000,55.65331,-2.23840,'Cornhill-on-Tweed',391),('TD15',399200,650400,55.74699,-2.01275,'Berwick-upon-Tweed',391),('TF11',375700,307300,52.66253,-2.35933,'Shifnal',302),('TF12',367500,301700,52.61175,-2.48003,'Broseley',302),('TF13',360600,298000,52.57803,-2.58150,'Much Wenlock',302),('TF9',368500,333500,52.89770,-2.46832,'Sutton upon Tern',302),('TN1',558800,139800,51.13490,0.27002,'Royal Tunbridge Wells',262),('TN10',559700,148200,51.21013,0.28661,'Tonbridge',262),('TN11',558500,147700,51.20597,0.26922,'Tonbridge',262),('TN12',570600,144300,51.17194,0.44067,'Yalding',262),('TN13',552400,155300,51.27593,0.18519,'Sevenoaks',262),('TN14',550700,157400,51.29525,0.16172,'Dunton Green',262),('TN15',558200,158100,51.29951,0.26953,'Wrotham',262),('TN16',543100,157000,51.29362,0.05262,'Greater London',253),('TN17',577700,136100,51.09610,0.53810,'Cranbrook',262),('TN18',577100,130200,51.04328,0.52665,'Four Throws',262),('TN19',568900,125400,51.00262,0.40754,'Burwash',248),('TN2',560000,140100,51.13726,0.28729,'Royal Tunbridge Wells',262),('TN20',558200,127700,51.02633,0.25615,'Mayfield',248),('TN21',559000,120200,50.95871,0.26427,'Heathfield',248),('TN22',547400,122300,50.98067,0.10005,'Uckfield',248),('TN23',600100,141700,51.13902,0.86075,'Ashford',262),('TN24',601900,142900,51.14917,0.88712,'Ashford',262),('TN25',605600,142500,51.14426,0.93972,'Wye',262),('TN26',596400,137200,51.09988,0.80547,'Shadoxhurst',262),('TN27',589200,144200,51.16519,0.70642,'Smarden',262),('TN28',607200,124500,50.98202,0.95226,'New Romney',262),('TN29',605900,125700,50.99327,0.93444,'St Mary In The Marsh',262),('TN3',557600,138400,51.12265,0.25227,'Royal Tunbridge Wells',262),('TN30',589000,132700,51.06195,0.69753,'Tenterden',262),('TN31',588700,121600,50.96233,0.68748,'Peasmarsh',248),('TN32',574800,123000,50.97930,0.49040,'Salehurst',248),('TN33',574100,115300,50.91032,0.47676,'Battle',248),('TN34',581800,110400,50.86393,0.58374,'Hastings',248),('TN35',583800,112300,50.88036,0.61309,'Hastings',248),('TN36',589900,117000,50.92061,0.70216,'Icklesham',248),('TN37',580000,111200,50.87168,0.55858,'Hastings',248),('TN38',579100,110200,50.86297,0.54531,'Hastings',248),('TN39',572800,108100,50.84602,0.45488,'Bexhill',248),('TN4',558000,141000,51.14590,0.25912,'Royal Tunbridge Wells',262),('TN40',574900,108000,50.84449,0.48463,'Bexhill',248),('TN5',565500,132200,51.06471,0.36223,'Wadhurst',248),('TN6',552400,130400,51.05216,0.17464,'Crowborough',248),('TN7',547700,134700,51.09204,0.10938,'Hartfield',248),('TN8',545300,146000,51.19420,0.07969,'Edenbridge',262),('TN9',559100,146000,51.19053,0.27705,'Tonbridge',262),('TQ1',292000,64700,50.47156,-3.52209,'Torquay',322),('TQ10',270800,59900,50.42412,-3.81906,'South Brent',243),('TQ11',273600,66200,50.48137,-3.78179,'Buckfast',243),('TQ12',285800,71200,50.52882,-3.61142,'Newton Abbot',243),('TQ13',278400,78500,50.59296,-3.71817,'Bovey Tracey',243),('TQ14',293300,73400,50.55002,-3.50626,'Teignmouth',243),('TQ2',290500,65000,50.47398,-3.54331,'Torquay',322),('TQ3',288200,61600,50.44298,-3.57469,'Torquay',322),('TQ4',288500,59400,50.42326,-3.56982,'Torquay',322),('TQ5',291800,55800,50.39151,-3.52234,'Torbay',322),('TQ6',287000,50900,50.34655,-3.58837,'Dartmouth',243),('TQ7',273000,44100,50.28256,-3.78278,'Kingsbridge',243),('TQ8',273700,39000,50.23686,-3.77125,'Salcombe',243),('TQ9',280000,58800,50.41619,-3.68924,'Totnes',243),('TR1',182400,44800,50.26241,-5.05347,'Truro',235),('TR10',177400,34300,50.16624,-5.11736,'Penryn',235),('TR11',179500,32300,50.14907,-5.08684,'Falmouth',235),('TR12',172400,20800,50.04310,-5.17923,'St Keverne',235),('TR13',165200,28500,50.10945,-5.28435,'Helston',235),('TR14',164800,39700,50.20987,-5.29686,'Camborne',235),('TR15',169200,42000,50.23225,-5.23669,'Redruth',235),('TR16',170400,42000,50.23272,-5.21988,'Redruth',235),('TR17',152200,30800,50.12482,-5.46735,'Marazion',235),('TR18',146900,30100,50.11630,-5.54089,'Penzance',235),('TR19',140600,28600,50.10012,-5.62783,'Sancreed',235),('TR2',189600,43500,50.25334,-4.95186,'Tregoney',235),('TR20',150700,31600,50.13138,-5.48882,'Ludgvan',235),('TR21',94600,12000,49.92936,-6.25622,'Isles of Scilly',261),('TR22',88100,8200,49.89192,-6.34346,'Isles of Scilly',261),('TR23',87900,15000,49.95281,-6.35174,'Isles of Scilly',261),('TR24',89200,15200,49.95528,-6.33383,'Isles of Scilly',261),('TR25',92200,16000,49.96401,-6.29276,'Isles of Scilly',261),('TR26',151800,39500,50.20276,-5.47860,'St Ives',235),('TR27',157100,36900,50.18162,-5.40280,'Hayle',235),('TR3',178200,39900,50.21684,-5.10944,'Perranarworthal',235),('TR4',176600,47400,50.28359,-5.13626,'Kenwyn',235),('TR5',172800,50300,50.30819,-5.19127,'St Agnes',235),('TR6',175800,53900,50.34167,-5.15134,'Perranporth',235),('TR7',181700,61600,50.41304,-5.07300,'Newquay',235),('TR8',184200,59900,50.39869,-5.03689,'Colan',235),('TR9',191400,61300,50.41387,-4.93648,'St Columb Major',235),('TS1',449300,519900,54.57179,-1.23733,'Middlesbrough',274),('TS15',443400,510900,54.49144,-1.32992,'Kirklevington',313),('TS16',441900,514500,54.52393,-1.35257,'Egglescliffe',313),('TS17',445100,516000,54.53713,-1.30289,'Thornaby',313),('TS18',443800,518800,54.56241,-1.32257,'Stockton-on-Tees',313),('TS19',442400,520500,54.57781,-1.34398,'Stockton-on-Tees',313),('TS2',449400,521300,54.58436,-1.23555,'Middlesbrough',274),('TS20',444400,521400,54.58572,-1.31290,'Stockton-on-Tees',313),('TS21',437100,525900,54.62676,-1.42529,'Sedgefield',236),('TS22',444300,525000,54.61809,-1.31390,'Grindon',313),('TS23',446200,523900,54.60803,-1.28465,'Stockton-on-Tees',313),('TS24',450900,533800,54.69655,-1.21016,'Hartlepool',257),('TS25',450100,530100,54.66338,-1.22321,'Hartlepool',257),('TS26',449700,532800,54.68768,-1.22895,'Hartlepool',257),('TS27',445900,536700,54.72309,-1.28728,'Monk Hesleden',236),('TS28',440400,536900,54.72536,-1.37265,'Hutton Henry',236),('TS29',437400,535200,54.71032,-1.41945,'Trimdon',236),('TS3',452000,518700,54.56073,-1.19578,'Middlesbrough',274),('TS4',450300,518100,54.55551,-1.22217,'Middlesbrough',274),('TS5',448500,517600,54.55120,-1.25008,'Middlesbrough',274),('TS7',452800,515700,54.53369,-1.18394,'Middlesbrough',274),('TS8',449800,514300,54.52141,-1.23054,'Stainton',274),('TS9',454200,508200,54.46614,-1.16368,'Great and Little Broughton',282),('TW1',516400,173700,51.44982,-0.32470,'Richmond',253),('TW10',518000,173700,51.44949,-0.30168,'Richmond',253),('TW11',516000,171100,51.42653,-0.33131,'Richmond',253),('TW12',513400,170500,51.42166,-0.36888,'Richmond',253),('TW13',511200,172300,51.43828,-0.39995,'Hounslow',253),('TW14',509900,173800,51.45202,-0.41818,'Hounslow',253),('TW15',507400,171300,51.43002,-0.45491,'Staines',317),('TW16',510200,169700,51.41510,-0.41514,'Staines',317),('TW17',508100,167700,51.39753,-0.44594,'Staines',317),('TW18',503800,171000,51.42800,-0.50677,'Staines',317),('TW19',504100,173700,51.45221,-0.50166,'Surrey',317),('TW2',514700,173300,51.44657,-0.34929,'Richmond',253),('TW20',500800,170800,51.42674,-0.54997,'Egham',317),('TW3',513800,175600,51.46742,-0.36149,'Hounslow',253),('TW4',512300,175400,51.46593,-0.38314,'Hounslow',253),('TW5',512400,177000,51.48029,-0.38120,'Hounslow',253),('TW6',507900,175700,51.46948,-0.44638,'Hillingdon',253),('TW7',515800,176300,51.47331,-0.33248,'Hounslow',253),('TW8',517600,177700,51.48552,-0.30611,'Hounslow',253),('TW9',518500,175700,51.46736,-0.29382,'Richmond',253),('UB1',512900,180800,51.51435,-0.37278,'Southall',253),('UB10',507300,184400,51.54780,-0.45236,'Hillingdon',253),('UB11',507000,181200,51.51909,-0.45766,'Hillingdon',253),('UB2',512500,179100,51.49915,-0.37909,'Southall',253),('UB3',509500,179700,51.50513,-0.42211,'Hillingdon',253),('UB4',510500,181800,51.52381,-0.40704,'Hillingdon',253),('UB5',512700,184000,51.54315,-0.37464,'Southall',253),('UB6',514900,183600,51.53911,-0.34306,'Southall',253),('UB7',506200,179700,51.50576,-0.46964,'Hillingdon',253),('UB8',505900,182900,51.53458,-0.47300,'Hillingdon',253),('UB9',504600,188100,51.58157,-0.49019,'Denham Green',225),('W1',528900,181200,51.51452,-0.14215,'Westminster',271),('W10',523900,181800,51.52103,-0.21397,'Kensington',253),('W11',524600,180800,51.51189,-0.20424,'Kensington',253),('W12',522900,180300,51.50777,-0.22890,'Hammersmith',253),('W13',516600,180700,51.51270,-0.31951,'Ealing',253),('W14',524300,178900,51.49488,-0.20923,'Hammersmith',253),('W1B',529100,181100,51.51357,-0.13931,'Westminster',271),('W1C',528500,181100,51.51371,-0.14795,'Westminster',271),('W1D',529700,181100,51.51344,-0.13066,'Westminster',271),('W1F',529400,181000,51.51261,-0.13502,'Westminster',271),('W1G',528600,181600,51.51818,-0.14633,'Paddington',253),('W1H',527700,181400,51.51659,-0.15936,'Paddington',253),('W1J',528800,180400,51.50735,-0.14388,'Westminster',271),('W1K',528400,180800,51.51104,-0.14950,'Westminster',271),('W1M',528400,181600,51.51823,-0.14921,'Paddington',253),('W1S',529000,180800,51.51090,-0.14086,'Westminster',271),('W1T',529400,181800,51.51980,-0.13473,'Camden Town',253),('W1U',528200,181600,51.51827,-0.15209,'Paddington',253),('W1W',529100,181700,51.51897,-0.13909,'Paddington',253),('W2',526400,181200,51.51508,-0.17816,'Paddington',253),('W3',520200,180400,51.50925,-0.26775,'Ealing',253),('W4',520600,178400,51.49118,-0.26268,'Hounslow',253),('W5',517900,180700,51.51243,-0.30078,'Ealing',253),('W6',523000,178600,51.49246,-0.22805,'Hammersmith',253),('W7',515600,180500,51.51110,-0.33398,'Ealing',253),('W8',525400,179500,51.50003,-0.19317,'Kensington',253),('W9',525500,182400,51.52607,-0.19070,'Paddington',253),('WA1',362200,388800,53.39442,-2.56850,'Birchwood',326),('WA10',349900,395500,53.45362,-2.75454,'St Helens',310),('WA11',352300,398100,53.47721,-2.71879,'St Helens',310),('WA12',358100,395400,53.45343,-2.63104,'St Helens',310),('WA13',368800,387400,53.38226,-2.46911,'Lymm',326),('WA14',376200,387800,53.38624,-2.35788,'Trafford',323),('WA15',378400,387500,53.38364,-2.32478,'Trafford',323),('WA16',375300,378500,53.30260,-2.37068,'Knutsford',230),('WA2',361400,390600,53.41054,-2.58075,'Birchwood',326),('WA3',363600,395400,53.45384,-2.54821,'Croft',326),('WA4',361800,385500,53.36472,-2.57412,'Appleton',326),('WA5',357700,389300,53.39857,-2.63624,'Great Sankey',326),('WA7',353200,381700,53.32987,-2.70280,'Runcorn',255),('WA8',350700,386400,53.37189,-2.74107,'Runcorn',255),('WA9',352300,393600,53.43676,-2.71811,'St Helens',310),('WC1',530300,182000,51.52139,-0.12169,'Camden Town',253),('WC1A',530100,181500,51.51694,-0.12475,'Camden Town',253),('WC1B',530000,181700,51.51876,-0.12612,'Camden Town',253),('WC1E',529600,181900,51.52065,-0.13181,'Camden Town',253),('WC1H',530000,182300,51.52415,-0.12590,'Camden Town',253),('WC1N',530400,182000,51.52136,-0.12025,'Camden Town',253),('WC1R',530700,181700,51.51860,-0.11604,'Camden Town',253),('WC1V',530500,181500,51.51685,-0.11899,'Camden Town',253),('WC1X',530700,182400,51.52489,-0.11578,'Camden Town',253),('WC2',530200,181100,51.51332,-0.12346,'Westminster',271),('WC2A',530800,181400,51.51588,-0.11471,'Camden Town',253),('WC2B',530300,181300,51.51510,-0.12195,'Westminster',271),('WC2E',530200,181000,51.51242,-0.12350,'Westminster',271),('WC2H',529900,181100,51.51339,-0.12778,'Camden Town',253),('WC2N',530100,180700,51.50975,-0.12505,'Westminster',271),('WC2R',530500,180900,51.51145,-0.11921,'Westminster',271),('WD1',510700,195500,51.64692,-0.39984,'Watford',259),('WD17',510300,197100,51.66138,-0.40512,'Watford',259),('WD18',509700,195600,51.64801,-0.41426,'Watford',259),('WD19',511400,193800,51.63150,-0.39027,'Watford Rural',259),('WD2',512200,197800,51.66730,-0.37743,'Potters Bar',259),('WD23',513100,195400,51.64554,-0.36520,'Potters Bar',259),('WD24',510800,198100,51.67027,-0.39757,'Watford',259),('WD25',511400,199600,51.68363,-0.38842,'Watford',259),('WD3',505100,195200,51.64530,-0.48085,'Chorleywood',259),('WD4',506700,202300,51.70882,-0.45556,'Kings Langley',259),('WD5',509400,201900,51.70470,-0.41662,'Abbots Langley',259),('WD6',519300,196800,51.65684,-0.27514,'Borehamwood',259),('WD7',516900,200000,51.68611,-0.30876,'Radlett',259),('WF1',433600,421300,53.68684,-1.49117,'Wakefield',324),('WF10',443300,425500,53.72388,-1.34370,'Wakefield',324),('WF11',449100,424100,53.71078,-1.25602,'Wakefield',324),('WF12',425100,420900,53.68373,-1.61992,'Dewsbury',263),('WF13',423400,421900,53.69279,-1.64559,'Dewsbury',263),('WF14',420300,420500,53.68034,-1.69263,'Mirfield',263),('WF15',419900,423600,53.70822,-1.69849,'Dewsbury',263),('WF16',421900,423800,53.70994,-1.66817,'Dewsbury',263),('WF17',423700,424800,53.71885,-1.64082,'Dewsbury',263),('WF2',432300,419700,53.67254,-1.51102,'Wakefield',324),('WF3',431400,425300,53.72294,-1.52408,'Leeds',266),('WF4',431800,416900,53.64741,-1.51888,'Crigglestone',324),('WF5',428000,420500,53.67998,-1.57605,'Wakefield',324),('WF6',438700,422800,53.69997,-1.41375,'Normanton',324),('WF7',442900,419100,53.66639,-1.35065,'Featherstone',324),('WF8',446300,421200,53.68497,-1.29887,'Wakefield',324),('WF9',445000,412400,53.60599,-1.31983,'North Elmsall',324),('WN1',358500,406600,53.55414,-2.62650,'Pemberton',330),('WN2',361400,404600,53.53639,-2.58248,'Pemberton',330),('WN3',357300,403800,53.52888,-2.64423,'Pemberton',330),('WN4',357400,400000,53.49473,-2.64221,'Pemberton',330),('WN5',354600,404100,53.53135,-2.68501,'Pemberton',330),('WN6',355700,408800,53.57369,-2.66908,'Pemberton',330),('WN7',365700,400300,53.49803,-2.51712,'Leigh',330),('WN8',349100,406500,53.55242,-2.76838,'Ormskirk',265),('WR1',385200,255500,52.19713,-2.21656,'Worcester',336),('WR10',395600,246300,52.11459,-2.06426,'Wick',337),('WR11',404900,244100,52.09481,-1.92847,'Evesham',337),('WR12',408700,238300,52.04261,-1.87314,'Broadway',337),('WR14',378200,246200,52.11328,-2.31839,'Great Malvern',337),('WR15',361300,267600,52.30476,-2.56764,'Tenbury',337),('WR2',383500,254700,52.18989,-2.24139,'Worcester',336),('WR3',385600,257600,52.21603,-2.21079,'Worcester',336),('WR4',387400,256300,52.20438,-2.18440,'Worcester',336),('WR5',386400,253300,52.17738,-2.19891,'Worcester',336),('WR6',374700,258900,52.22732,-2.37045,'Martley',337),('WR7',396400,255400,52.19642,-2.05268,'North Piddle',337),('WR8',386100,242700,52.08207,-2.20287,'Worcester',337),('WR9',389300,263400,52.26826,-2.15682,'Droitwich',337),('WS1',401500,298000,52.57945,-1.97786,'Walsall',325),('WS10',398600,295900,52.56057,-2.02065,'West Bromwich',299),('WS11',398800,310200,52.68914,-2.01776,'Cannock',311),('WS12',400100,312100,52.70623,-1.99852,'Cannock',311),('WS13',412300,310500,52.69170,-1.81800,'Lichfield',311),('WS14',412600,307300,52.66292,-1.81368,'Swinfen and Packington',311),('WS15',405600,317900,52.75834,-1.91701,'Brereton',311),('WS2',399900,299000,52.58845,-2.00148,'Walsall',325),('WS3',400700,302300,52.61812,-1.98966,'Willenhall',325),('WS4',402800,300900,52.60552,-1.95865,'Walsall',325),('WS5',402800,296700,52.56776,-1.95869,'Walsall',325),('WS6',398500,306700,52.65767,-2.02218,'Great Wyrley',311),('WS7',405900,309200,52.68012,-1.91272,'Burntwood',311),('WS8',404500,305400,52.64597,-1.93348,'Brownhills',325),('WS9',405600,301300,52.60910,-1.91729,'Aldridge',325),('WV1',392200,298700,52.58569,-2.11514,'Wolverhampton',335),('WV10',392400,302200,52.61716,-2.11227,'Wednesfield',335),('WV11',395200,301400,52.61000,-2.07089,'Wednesfield',335),('WV12',397300,300900,52.60552,-2.03987,'Willenhall',325),('WV13',395900,298600,52.58484,-2.06052,'Willenhall',325),('WV14',394700,295500,52.55695,-2.07818,'Wednesfield',335),('WV15',374600,291000,52.51593,-2.37435,'Bridgnorth',302),('WV16',370100,290500,52.51120,-2.44062,'Chetton',302),('WV2',392000,297400,52.57400,-2.11806,'Wolverhampton',335),('WV3',389800,298000,52.57936,-2.15054,'Wolverhampton',335),('WV4',390400,296100,52.56229,-2.14163,'Wolverhampton',335),('WV5',385800,292900,52.53342,-2.20936,'Wombourne',311),('WV6',387700,299800,52.59550,-2.18161,'Wolverhampton',335),('WV7',381700,304000,52.63309,-2.27043,'Albrighton',302),('WV8',387600,302900,52.62337,-2.18320,'Bilbrook',311),('WV9',390500,304000,52.63332,-2.14039,'Wolverhampton',335),('YO1',460300,451800,53.95857,-1.08090,'York',338),('YO10',461800,450900,53.95031,-1.05822,'Heslington',338),('YO11',504500,486700,54.26511,-0.39535,'Scarborough',282),('YO12',502700,487600,54.27356,-0.42267,'Scarborough',282),('YO13',497900,489100,54.28798,-0.49587,'Stainton Dale',282),('YO14',511100,479500,54.19903,-0.29672,'Muston',282),('YO17',481400,471900,54.13631,-0.75397,'Settrington',282),('YO18',480300,485500,54.25870,-0.76717,'Pickering',282),('YO19',464300,446500,53.91046,-1.02105,'Wheldrake',338),('YO21',483500,509800,54.47654,-0.71123,'Hutton Mulgrave',282),('YO22',489400,507000,54.45038,-0.62104,'Snainton',282),('YO23',457700,448100,53.92562,-1.12122,'Copmanthorpe',338),('YO24',458100,450400,53.94624,-1.11469,'York',338),('YO26',454300,453500,53.97452,-1.17204,'Upper Poppleton',338),('YO30',458100,454800,53.98579,-1.11385,'Rawcliffe',338),('YO31',461400,453000,53.96923,-1.06389,'York',338),('YO32',461700,457700,54.01143,-1.05837,'Earswick',338),('YO51',440800,465300,54.08182,-1.37628,'Boroughbridge',282),('YO60',469300,465700,54.08237,-0.94057,'Thornton-le-Clay',282),('YO61',452700,469200,54.11579,-1.19370,'Easingwold',282),('YO62',465600,483500,54.24282,-0.99325,'Nawton',282),('YO7',442400,481100,54.22370,-1.34960,'Sowerby',282),('YO8',462100,432100,53.78130,-1.05745,'Selby',282),('ZE1',446200,1141100,60.15232,-1.16779,'Sound',395),('ZE2',442800,1160900,60.33047,-1.22484,'Shetland Islands',395),('ZE3',439000,1111100,59.88369,-1.30316,'Toab',395);
/*!40000 ALTER TABLE `Town` ENABLE KEYS */;
UNLOCK TABLES;
/*!40103 SET TIME_ZONE=@OLD_TIME_ZONE */;

/*!40101 SET SQL_MODE=@OLD_SQL_MODE */;
/*!40014 SET FOREIGN_KEY_CHECKS=@OLD_FOREIGN_KEY_CHECKS */;
/*!40014 SET UNIQUE_CHECKS=@OLD_UNIQUE_CHECKS */;
/*!40101 SET CHARACTER_SET_CLIENT=@OLD_CHARACTER_SET_CLIENT */;
/*!40101 SET CHARACTER_SET_RESULTS=@OLD_CHARACTER_SET_RESULTS */;
/*!40101 SET COLLATION_CONNECTION=@OLD_COLLATION_CONNECTION */;
/*!40111 SET SQL_NOTES=@OLD_SQL_NOTES */;

-- Dump completed on 2014-11-30 13:00:36
